ts,rtd,ratio,resistance,temp
2025-02-11 10:45,8394,0.2562,1101.5075,26.0728
2025-02-11 10:46,8394,0.2562,1101.5075,26.0728
2025-02-11 10:47,8394,0.2562,1101.5075,26.0728
2025-02-11 10:48,8394,0.2562,1101.5075,26.0728
2025-02-11 10:49,8394,0.2562,1101.5075,26.1067
2025-02-11 10:50,8394,0.2562,1101.5075,26.0728
2025-02-11 10:51,8394,0.2562,1101.5075,26.1067
2025-02-11 10:52,8394,0.2562,1101.5075,26.0728
2025-02-11 10:53,8394,0.2562,1101.5075,26.1067
2025-02-11 10:54,8395,0.2562,1101.6387,26.0728
2025-02-11 10:55,8395,0.2562,1101.6387,26.1067
2025-02-11 10:56,8394,0.2562,1101.5075,26.0728
2025-02-11 10:57,8394,0.2562,1101.5075,26.0728
2025-02-11 10:58,8394,0.2562,1101.5075,26.0728
2025-02-11 10:59,8394,0.2562,1101.5075,26.1067
2025-02-11 11:00,8394,0.2562,1101.5075,26.1067
2025-02-11 11:01,8395,0.2562,1101.6387,26.0728
2025-02-11 11:02,8395,0.2562,1101.6387,26.0728
2025-02-11 11:03,8395,0.2562,1101.6387,26.1067
2025-02-11 11:04,8395,0.2562,1101.6387,26.1067
2025-02-11 11:05,8394,0.2562,1101.5075,26.0728
2025-02-11 11:06,8394,0.2562,1101.5075,26.1067
2025-02-11 11:07,8394,0.2562,1101.5075,26.0728
2025-02-11 11:08,8394,0.2562,1101.5075,26.1067
2025-02-11 11:09,8394,0.2562,1101.5075,26.0728
2025-02-11 11:10,8394,0.2562,1101.5075,26.0728
2025-02-11 11:11,8395,0.2562,1101.6387,26.1067
2025-02-11 11:12,8394,0.2562,1101.5075,26.0728
2025-02-11 11:13,8395,0.2562,1101.6387,26.0728
2025-02-11 11:14,8395,0.2562,1101.6387,26.1067
2025-02-11 11:15,8394,0.2562,1101.5075,26.0728
2025-02-11 11:16,8395,0.2562,1101.6387,26.1067
2025-02-11 11:17,8394,0.2562,1101.5075,26.0728
2025-02-11 11:18,8395,0.2562,1101.6387,26.1067
2025-02-11 11:19,8395,0.2562,1101.6387,26.0728
2025-02-11 11:20,8394,0.2562,1101.5075,26.0728
2025-02-11 11:21,8395,0.2562,1101.6387,26.0728
2025-02-11 11:22,8394,0.2562,1101.5075,26.0728
2025-02-11 11:23,8395,0.2562,1101.6387,26.0728
2025-02-11 11:24,8394,0.2562,1101.5075,26.0728
2025-02-11 11:25,8394,0.2562,1101.5075,26.0728
2025-02-11 11:26,8394,0.2562,1101.5075,26.0728
2025-02-11 11:27,8394,0.2562,1101.5075,26.1067
2025-02-11 11:28,8394,0.2562,1101.5075,26.0728
2025-02-11 11:29,8395,0.2562,1101.6387,26.0728
2025-02-11 11:30,8395,0.2562,1101.6387,26.0728
2025-02-11 11:31,8394,0.2562,1101.5075,26.1067
2025-02-11 11:32,8395,0.2562,1101.6387,26.1067
2025-02-11 11:33,8395,0.2562,1101.6387,26.1067
2025-02-11 11:34,8395,0.2562,1101.6387,26.1067
2025-02-11 11:35,8395,0.2562,1101.6387,26.0728
2025-02-11 11:36,8394,0.2562,1101.5075,26.1067
2025-02-11 11:37,8395,0.2562,1101.6387,26.1067
2025-02-11 11:38,8395,0.2562,1101.6387,26.1067
2025-02-11 11:39,8395,0.2562,1101.6387,26.1067
2025-02-11 11:40,8395,0.2562,1101.6387,26.1067
2025-02-11 11:41,8395,0.2562,1101.6387,26.1067
2025-02-11 11:42,8395,0.2562,1101.6387,26.1067
2025-02-11 11:43,8395,0.2562,1101.6387,26.1067
2025-02-11 11:44,8395,0.2562,1101.6387,26.1405
2025-02-11 11:45,8396,0.2562,1101.77,26.1405
2025-02-11 11:46,8395,0.2562,1101.6387,26.1405
2025-02-11 11:47,8396,0.2562,1101.77,26.1405
2025-02-11 11:48,8395,0.2562,1101.6387,26.1405
2025-02-11 11:49,8396,0.2562,1101.77,26.1405
2025-02-11 11:50,8396,0.2562,1101.77,26.1405
2025-02-11 11:51,8396,0.2562,1101.77,26.1405
2025-02-11 11:52,8396,0.2562,1101.77,26.1405
2025-02-11 11:53,8396,0.2562,1101.77,26.1405
2025-02-11 11:54,8396,0.2562,1101.77,26.1405
2025-02-11 11:55,8396,0.2562,1101.77,26.1744
2025-02-11 11:56,8396,0.2562,1101.77,26.1405
2025-02-11 11:57,8396,0.2562,1101.77,26.1405
2025-02-11 11:58,8396,0.2562,1101.77,26.1744
2025-02-11 11:59,8396,0.2562,1101.77,26.1744
2025-02-11 12:00,8396,0.2562,1101.77,26.1405
2025-02-11 12:01,8396,0.2562,1101.77,26.1405
2025-02-11 12:02,8396,0.2562,1101.77,26.1405
2025-02-11 12:03,8397,0.2563,1101.9012,26.1744
2025-02-11 12:04,8396,0.2562,1101.77,26.1744
2025-02-11 12:05,8396,0.2562,1101.77,26.1744
2025-02-11 12:06,8397,0.2563,1101.9012,26.1405
2025-02-11 12:07,8396,0.2562,1101.77,26.1405
2025-02-11 12:08,8396,0.2562,1101.77,26.1744
2025-02-11 12:09,8396,0.2562,1101.77,26.1405
2025-02-11 12:10,8396,0.2562,1101.77,26.1405
2025-02-11 12:11,8396,0.2562,1101.77,26.1405
2025-02-11 12:12,8397,0.2563,1101.9012,26.1405
2025-02-11 12:13,8396,0.2562,1101.77,26.1405
2025-02-11 12:14,8396,0.2562,1101.77,26.1405
2025-02-11 12:15,8397,0.2563,1101.9012,26.1405
2025-02-11 12:16,8396,0.2562,1101.77,26.1744
2025-02-11 12:17,8397,0.2563,1101.9012,26.1744
2025-02-11 12:18,8397,0.2563,1101.9012,26.1744
2025-02-11 12:19,8396,0.2562,1101.77,26.1744
2025-02-11 12:20,8397,0.2563,1101.9012,26.1744
2025-02-11 12:21,8397,0.2563,1101.9012,26.1744
2025-02-11 12:22,8397,0.2563,1101.9012,26.1744
2025-02-11 12:23,8397,0.2563,1101.9012,26.1744
2025-02-11 12:24,8397,0.2563,1101.9012,26.1744
2025-02-11 12:25,8397,0.2563,1101.9012,26.1744
2025-02-11 12:26,8398,0.2563,1102.0324,26.1744
2025-02-11 12:27,8397,0.2563,1101.9012,26.1744
2025-02-11 12:28,8397,0.2563,1101.9012,26.2081
2025-02-11 12:29,8397,0.2563,1101.9012,26.2081
2025-02-11 12:30,8398,0.2563,1102.0324,26.2081
2025-02-11 12:31,8398,0.2563,1102.0324,26.2081
2025-02-11 12:32,8398,0.2563,1102.0324,26.2081
2025-02-11 12:33,8397,0.2563,1101.9012,26.1744
2025-02-11 12:34,8397,0.2563,1101.9012,26.2081
2025-02-11 12:35,8398,0.2563,1102.0324,26.2081
2025-02-11 12:36,8398,0.2563,1102.0324,26.2081
2025-02-11 12:37,8398,0.2563,1102.0324,26.2081
2025-02-11 12:38,8398,0.2563,1102.0324,26.2081
2025-02-11 12:39,8398,0.2563,1102.0324,26.2081
2025-02-11 12:40,8398,0.2563,1102.0324,26.2081
2025-02-11 12:41,8398,0.2563,1102.0324,26.2419
2025-02-11 12:42,8398,0.2563,1102.0324,26.2081
2025-02-11 12:43,8398,0.2563,1102.0324,26.2081
2025-02-11 12:44,8398,0.2563,1102.0324,26.2081
2025-02-11 12:45,8398,0.2563,1102.0324,26.2081
2025-02-11 12:46,8399,0.2563,1102.1636,26.2081
2025-02-11 12:47,8398,0.2563,1102.0324,26.2419
2025-02-11 12:48,8399,0.2563,1102.1636,26.2419
2025-02-11 12:49,8399,0.2563,1102.1636,26.2419
2025-02-11 12:50,8399,0.2563,1102.1636,26.2419
2025-02-11 12:51,8398,0.2563,1102.0324,26.2419
2025-02-11 12:52,8399,0.2563,1102.1636,26.2419
2025-02-11 12:53,8399,0.2563,1102.1636,26.2419
2025-02-11 12:54,8399,0.2563,1102.1636,26.2419
2025-02-11 12:55,8399,0.2563,1102.1636,26.2419
2025-02-11 12:56,8400,0.2563,1102.2949,26.2419
2025-02-11 12:57,8399,0.2563,1102.1636,26.2419
2025-02-11 12:58,8399,0.2563,1102.1636,26.2758
2025-02-11 12:59,8400,0.2563,1102.2949,26.2419
2025-02-11 13:00,8399,0.2563,1102.1636,26.2758
2025-02-11 13:01,8400,0.2563,1102.2949,26.2758
2025-02-11 13:02,8400,0.2563,1102.2949,26.2758
2025-02-11 13:03,8400,0.2563,1102.2949,26.2419
2025-02-11 13:04,8400,0.2563,1102.2949,26.2758
2025-02-11 13:05,8401,0.2564,1102.4261,26.2758
2025-02-11 13:06,8400,0.2563,1102.2949,26.2758
2025-02-11 13:07,8400,0.2563,1102.2949,26.3097
2025-02-11 13:08,8400,0.2563,1102.2949,26.2758
2025-02-11 13:09,8400,0.2563,1102.2949,26.3097
2025-02-11 13:10,8401,0.2564,1102.4261,26.2758
2025-02-11 13:11,8401,0.2564,1102.4261,26.3097
2025-02-11 13:12,8400,0.2563,1102.2949,26.3097
2025-02-11 13:13,8401,0.2564,1102.4261,26.3097
2025-02-11 13:14,8401,0.2564,1102.4261,26.3097
2025-02-11 13:15,8401,0.2564,1102.4261,26.3097
2025-02-11 13:16,8401,0.2564,1102.4261,26.3097
2025-02-11 13:17,8401,0.2564,1102.4261,26.3097
2025-02-11 13:18,8402,0.2564,1102.5573,26.3097
2025-02-11 13:19,8402,0.2564,1102.5573,26.3435
2025-02-11 13:20,8401,0.2564,1102.4261,26.3435
2025-02-11 13:21,8402,0.2564,1102.5573,26.3435
2025-02-11 13:22,8402,0.2564,1102.5573,26.3435
2025-02-11 13:23,8402,0.2564,1102.5573,26.3435
2025-02-11 13:24,8402,0.2564,1102.5573,26.3435
2025-02-11 13:25,8402,0.2564,1102.5573,26.3435
2025-02-11 13:26,8402,0.2564,1102.5573,26.3435
2025-02-11 13:27,8403,0.2564,1102.6885,26.3774
2025-02-11 13:28,8402,0.2564,1102.5573,26.3774
2025-02-11 13:29,8403,0.2564,1102.6885,26.3774
2025-02-11 13:30,8403,0.2564,1102.6885,26.3774
2025-02-11 13:31,8403,0.2564,1102.6885,26.3774
2025-02-11 13:32,8403,0.2564,1102.6885,26.3774
2025-02-11 13:33,8404,0.2565,1102.8198,26.4113
2025-02-11 13:34,8403,0.2564,1102.6885,26.3774
2025-02-11 13:35,8403,0.2564,1102.6885,26.4113
2025-02-11 13:36,8404,0.2565,1102.8198,26.4113
2025-02-11 13:37,8403,0.2564,1102.6885,26.4113
2025-02-11 13:38,8404,0.2565,1102.8198,26.4113
2025-02-11 13:39,8404,0.2565,1102.8198,26.4113
2025-02-11 13:40,8404,0.2565,1102.8198,26.4449
2025-02-11 13:41,8404,0.2565,1102.8198,26.4113
2025-02-11 13:42,8405,0.2565,1102.951,26.4113
2025-02-11 13:43,8405,0.2565,1102.951,26.4449
2025-02-11 13:44,8405,0.2565,1102.951,26.4449
2025-02-11 13:45,8405,0.2565,1102.951,26.4449
2025-02-11 13:46,8405,0.2565,1102.951,26.4449
2025-02-11 13:47,8405,0.2565,1102.951,26.4449
2025-02-11 13:48,8405,0.2565,1102.951,26.479
2025-02-11 13:49,8406,0.2565,1103.0822,26.4449
2025-02-11 13:50,8406,0.2565,1103.0822,26.4449
2025-02-11 13:51,8406,0.2565,1103.0822,26.479
2025-02-11 13:52,8406,0.2565,1103.0822,26.479
2025-02-11 13:53,8406,0.2565,1103.0822,26.479
2025-02-11 13:54,8406,0.2565,1103.0822,26.479
2025-02-11 13:55,8406,0.2565,1103.0822,26.479
2025-02-11 13:56,8407,0.2566,1103.2135,26.479
2025-02-11 13:57,8407,0.2566,1103.2135,26.5127
2025-02-11 13:58,8407,0.2566,1103.2135,26.5127
2025-02-11 13:59,8407,0.2566,1103.2135,26.5127
2025-02-11 14:00,8408,0.2566,1103.3447,26.5127
2025-02-11 14:01,8407,0.2566,1103.2135,26.5127
2025-02-11 14:02,8408,0.2566,1103.3447,26.5465
2025-02-11 14:03,8408,0.2566,1103.3447,26.5127
2025-02-11 14:04,8408,0.2566,1103.3447,26.5465
2025-02-11 14:05,8408,0.2566,1103.3447,26.5465
2025-02-11 14:06,8408,0.2566,1103.3447,26.5465
2025-02-11 14:07,8408,0.2566,1103.3447,26.5465
2025-02-11 14:08,8408,0.2566,1103.3447,26.5804
2025-02-11 14:09,8408,0.2566,1103.3447,26.5465
2025-02-11 14:10,8409,0.2566,1103.4759,26.5804
2025-02-11 14:11,8409,0.2566,1103.4759,26.5804
2025-02-11 14:12,8409,0.2566,1103.4759,26.5804
2025-02-11 14:13,8409,0.2566,1103.4759,26.5804
2025-02-11 14:14,8409,0.2566,1103.4759,26.6143
2025-02-11 14:15,8409,0.2566,1103.4759,26.5804
2025-02-11 14:16,8410,0.2567,1103.6071,26.6143
2025-02-11 14:17,8410,0.2567,1103.6071,26.6143
2025-02-11 14:18,8410,0.2567,1103.6071,26.6143
2025-02-11 14:19,8410,0.2567,1103.6071,26.6143
2025-02-11 14:20,8410,0.2567,1103.6071,26.6143
2025-02-11 14:21,8410,0.2567,1103.6071,26.6143
2025-02-11 14:22,8410,0.2567,1103.6071,26.6481
2025-02-11 14:23,8411,0.2567,1103.7384,26.6481
2025-02-11 14:24,8411,0.2567,1103.7384,26.6481
2025-02-11 14:25,8411,0.2567,1103.7384,26.6481
2025-02-11 14:26,8411,0.2567,1103.7384,26.6481
2025-02-11 14:27,8411,0.2567,1103.7384,26.6481
2025-02-11 14:28,8411,0.2567,1103.7384,26.6818
2025-02-11 14:29,8411,0.2567,1103.7384,26.6481
2025-02-11 14:30,8412,0.2567,1103.8696,26.6481
2025-02-11 14:31,8412,0.2567,1103.8696,26.6818
2025-02-11 14:32,8412,0.2567,1103.8696,26.6818
2025-02-11 14:33,8412,0.2567,1103.8696,26.6818
2025-02-11 14:34,8412,0.2567,1103.8696,26.6818
2025-02-11 14:35,8412,0.2567,1103.8696,26.6818
2025-02-11 14:36,8412,0.2567,1103.8696,26.6818
2025-02-11 14:37,8412,0.2567,1103.8696,26.6818
2025-02-11 14:38,8412,0.2567,1103.8696,26.7159
2025-02-11 14:39,8413,0.2567,1104.0008,26.7159
2025-02-11 14:40,8413,0.2567,1104.0008,26.7159
2025-02-11 14:41,8413,0.2567,1104.0008,26.7495
2025-02-11 14:42,8413,0.2567,1104.0008,26.7159
2025-02-11 14:43,8413,0.2567,1104.0008,26.7159
2025-02-11 14:44,8413,0.2567,1104.0008,26.7159
2025-02-11 14:45,8414,0.2568,1104.132,26.7159
2025-02-11 14:46,8414,0.2568,1104.132,26.7495
2025-02-11 14:47,8414,0.2568,1104.132,26.7495
2025-02-11 14:48,8414,0.2568,1104.132,26.7495
2025-02-11 14:49,8414,0.2568,1104.132,26.7834
2025-02-11 14:50,8414,0.2568,1104.132,26.7495
2025-02-11 14:51,8414,0.2568,1104.132,26.7834
2025-02-11 14:52,8415,0.2568,1104.2633,26.7834
2025-02-11 14:53,8415,0.2568,1104.2633,26.7495
2025-02-11 14:54,8415,0.2568,1104.2633,26.7834
2025-02-11 14:55,8415,0.2568,1104.2633,26.7834
2025-02-11 14:56,8415,0.2568,1104.2633,26.8173
2025-02-11 14:57,8416,0.2568,1104.3945,26.8173
2025-02-11 14:58,8416,0.2568,1104.3945,26.8173
2025-02-11 14:59,8416,0.2568,1104.3945,26.7834
2025-02-11 15:00,8416,0.2568,1104.3945,26.8173
2025-02-11 15:01,8416,0.2568,1104.3945,26.8173
2025-02-11 15:02,8416,0.2568,1104.3945,26.8173
2025-02-11 15:03,8417,0.2569,1104.5257,26.8511
2025-02-11 15:04,8417,0.2569,1104.5257,26.8173
2025-02-11 15:05,8417,0.2569,1104.5257,26.8511
2025-02-11 15:06,8417,0.2569,1104.5257,26.8511
2025-02-11 15:07,8417,0.2569,1104.5257,26.8511
2025-02-11 15:08,8417,0.2569,1104.5257,26.8511
2025-02-11 15:09,8417,0.2569,1104.5257,26.885
2025-02-11 15:10,8418,0.2569,1104.6569,26.8511
2025-02-11 15:11,8418,0.2569,1104.6569,26.885
2025-02-11 15:12,8418,0.2569,1104.6569,26.885
2025-02-11 15:13,8419,0.2569,1104.7882,26.9189
2025-02-11 15:14,8419,0.2569,1104.7882,26.885
2025-02-11 15:15,8419,0.2569,1104.7882,26.9189
2025-02-11 15:16,8419,0.2569,1104.7882,26.9189
2025-02-11 15:17,8419,0.2569,1104.7882,26.9189
2025-02-11 15:18,8419,0.2569,1104.7882,26.9189
2025-02-11 15:19,8419,0.2569,1104.7882,26.9527
2025-02-11 15:20,8420,0.257,1104.9194,26.9189
2025-02-11 15:21,8420,0.257,1104.9194,26.9527
2025-02-11 15:22,8419,0.2569,1104.7882,26.9189
2025-02-11 15:23,8420,0.257,1104.9194,26.9527
2025-02-11 15:24,8420,0.257,1104.9194,26.9527
2025-02-11 15:25,8420,0.257,1104.9194,26.9527
2025-02-11 15:26,8421,0.257,1105.0506,26.9866
2025-02-11 15:27,8421,0.257,1105.0506,26.9866
2025-02-11 15:28,8421,0.257,1105.0506,26.9866
2025-02-11 15:29,8421,0.257,1105.0506,26.9866
2025-02-11 15:30,8421,0.257,1105.0506,26.9866
2025-02-11 15:31,8421,0.257,1105.0506,26.9866
2025-02-11 15:32,8422,0.257,1105.1818,26.9866
2025-02-11 15:33,8422,0.257,1105.1818,26.9866
2025-02-11 15:34,8422,0.257,1105.1818,26.9866
2025-02-11 15:35,8421,0.257,1105.0506,27.0202
2025-02-11 15:36,8422,0.257,1105.1818,27.0202
2025-02-11 15:37,8422,0.257,1105.1818,27.0202
2025-02-11 15:38,8422,0.257,1105.1818,27.0202
2025-02-11 15:39,8422,0.257,1105.1818,27.0543
2025-02-11 15:40,8422,0.257,1105.1818,27.0543
2025-02-11 15:41,8423,0.257,1105.3131,27.0543
2025-02-11 15:42,8423,0.257,1105.3131,27.0202
2025-02-11 15:43,8423,0.257,1105.3131,27.0202
2025-02-11 15:44,8423,0.257,1105.3131,27.0543
2025-02-11 15:45,8423,0.257,1105.3131,27.0543
2025-02-11 15:46,8423,0.257,1105.3131,27.0543
2025-02-11 15:47,8423,0.257,1105.3131,27.0543
2025-02-11 15:48,8423,0.257,1105.3131,27.0543
2025-02-11 15:49,8423,0.257,1105.3131,27.088
2025-02-11 15:50,8423,0.257,1105.3131,27.088
2025-02-11 15:51,8423,0.257,1105.3131,27.0543
2025-02-11 15:52,8424,0.2571,1105.4443,27.0543
2025-02-11 15:53,8423,0.257,1105.3131,27.0543
2025-02-11 15:54,8424,0.2571,1105.4443,27.088
2025-02-11 15:55,8424,0.2571,1105.4443,27.088
2025-02-11 15:56,8424,0.2571,1105.4443,27.088
2025-02-11 15:57,8424,0.2571,1105.4443,27.088
2025-02-11 15:58,8424,0.2571,1105.4443,27.088
2025-02-11 15:59,8424,0.2571,1105.4443,27.088
2025-02-11 16:00,8424,0.2571,1105.4443,27.088
2025-02-11 16:01,8424,0.2571,1105.4443,27.088
2025-02-11 16:02,8424,0.2571,1105.4443,27.1218
2025-02-11 16:03,8425,0.2571,1105.5755,27.088
2025-02-11 16:04,8425,0.2571,1105.5755,27.088
2025-02-11 16:05,8424,0.2571,1105.4443,27.1218
2025-02-11 16:06,8425,0.2571,1105.5755,27.088
2025-02-11 16:07,8424,0.2571,1105.4443,27.1218
2025-02-11 16:08,8425,0.2571,1105.5755,27.1218
2025-02-11 16:09,8425,0.2571,1105.5755,27.1218
2025-02-11 16:10,8425,0.2571,1105.5755,27.1218
2025-02-11 16:11,8424,0.2571,1105.4443,27.1218
2025-02-11 16:12,8425,0.2571,1105.5755,27.1218
2025-02-11 16:13,8425,0.2571,1105.5755,27.1218
2025-02-11 16:14,8425,0.2571,1105.5755,27.1218
2025-02-11 16:15,8425,0.2571,1105.5755,27.1218
2025-02-11 16:16,8425,0.2571,1105.5755,27.1557
2025-02-11 16:17,8425,0.2571,1105.5755,27.1557
2025-02-11 16:18,8425,0.2571,1105.5755,27.1218
2025-02-11 16:19,8425,0.2571,1105.5755,27.1557
2025-02-11 16:20,8425,0.2571,1105.5755,27.1218
2025-02-11 16:21,8425,0.2571,1105.5755,27.1557
2025-02-11 16:22,8425,0.2571,1105.5755,27.1557
2025-02-11 16:23,8426,0.2571,1105.7067,27.1218
2025-02-11 16:24,8425,0.2571,1105.5755,27.1557
2025-02-11 16:25,8425,0.2571,1105.5755,27.1557
2025-02-11 16:26,8426,0.2571,1105.7067,27.1557
2025-02-11 16:27,8425,0.2571,1105.5755,27.1218
2025-02-11 16:28,8426,0.2571,1105.7067,27.1557
2025-02-11 16:29,8426,0.2571,1105.7067,27.1557
2025-02-11 16:30,8426,0.2571,1105.7067,27.1557
2025-02-11 16:31,8426,0.2571,1105.7067,27.1557
2025-02-11 16:32,8426,0.2571,1105.7067,27.1557
2025-02-11 16:33,8426,0.2571,1105.7067,27.1557
2025-02-11 16:34,8426,0.2571,1105.7067,27.1557
2025-02-11 16:35,8426,0.2571,1105.7067,27.1557
2025-02-11 16:36,8426,0.2571,1105.7067,27.1557
2025-02-11 16:37,8426,0.2571,1105.7067,27.1557
2025-02-11 16:38,8426,0.2571,1105.7067,27.1557
2025-02-11 16:39,8425,0.2571,1105.5755,27.1557
2025-02-11 16:40,8427,0.2572,1105.838,27.1557
2025-02-11 16:41,8426,0.2571,1105.7067,27.1557
2025-02-11 16:42,8426,0.2571,1105.7067,27.1557
2025-02-11 16:43,8427,0.2572,1105.838,27.1557
2025-02-11 16:44,8426,0.2571,1105.7067,27.1557
2025-02-11 16:45,8426,0.2571,1105.7067,27.1896
2025-02-11 16:46,8426,0.2571,1105.7067,27.1557
2025-02-11 16:47,8426,0.2571,1105.7067,27.1896
2025-02-11 16:48,8426,0.2571,1105.7067,27.1896
2025-02-11 16:49,8427,0.2572,1105.838,27.1896
2025-02-11 16:50,8427,0.2572,1105.838,27.1896
2025-02-11 16:51,8426,0.2571,1105.7067,27.2234
2025-02-11 16:52,8427,0.2572,1105.838,27.1896
2025-02-11 16:53,8426,0.2571,1105.7067,27.1896
2025-02-11 16:54,8427,0.2572,1105.838,27.1896
2025-02-11 16:55,8427,0.2572,1105.838,27.1896
2025-02-11 16:56,8427,0.2572,1105.838,27.1896
2025-02-11 16:57,8427,0.2572,1105.838,27.1896
2025-02-11 16:58,8427,0.2572,1105.838,27.1896
2025-02-11 16:59,8428,0.2572,1105.9692,27.1896
2025-02-11 17:00,8427,0.2572,1105.838,27.1896
2025-02-11 17:01,8428,0.2572,1105.9692,27.1896
2025-02-11 17:02,8427,0.2572,1105.838,27.1896
2025-02-11 17:03,8427,0.2572,1105.838,27.1896
2025-02-11 17:04,8427,0.2572,1105.838,27.1896
2025-02-11 17:05,8427,0.2572,1105.838,27.1896
2025-02-11 17:06,8427,0.2572,1105.838,27.1896
2025-02-11 17:07,8428,0.2572,1105.9692,27.2234
2025-02-11 17:08,8427,0.2572,1105.838,27.1896
2025-02-11 17:09,8427,0.2572,1105.838,27.1896
2025-02-11 17:10,8428,0.2572,1105.9692,27.2234
2025-02-11 17:11,8427,0.2572,1105.838,27.2234
2025-02-11 17:12,8427,0.2572,1105.838,27.1896
2025-02-11 17:13,8427,0.2572,1105.838,27.2234
2025-02-11 17:14,8428,0.2572,1105.9692,27.2234
2025-02-11 17:15,8428,0.2572,1105.9692,27.2234
2025-02-11 17:16,8427,0.2572,1105.838,27.1896
2025-02-11 17:17,8428,0.2572,1105.9692,27.2234
2025-02-11 17:18,8428,0.2572,1105.9692,27.2234
2025-02-11 17:19,8427,0.2572,1105.838,27.2234
2025-02-11 17:20,8428,0.2572,1105.9692,27.2234
2025-02-11 17:21,8428,0.2572,1105.9692,27.2234
2025-02-11 17:22,8427,0.2572,1105.838,27.2234
2025-02-11 17:23,8428,0.2572,1105.9692,27.2234
2025-02-11 17:24,8428,0.2572,1105.9692,27.2234
2025-02-11 17:25,8428,0.2572,1105.9692,27.2234
2025-02-11 17:26,8428,0.2572,1105.9692,27.2234
2025-02-11 17:27,8428,0.2572,1105.9692,27.2234
2025-02-11 17:28,8427,0.2572,1105.838,27.2234
2025-02-11 17:29,8428,0.2572,1105.9692,27.2234
2025-02-11 17:30,8428,0.2572,1105.9692,27.2234
2025-02-11 17:31,8428,0.2572,1105.9692,27.2234
2025-02-11 17:32,8428,0.2572,1105.9692,27.2234
2025-02-11 17:33,8428,0.2572,1105.9692,27.2234
2025-02-11 17:34,8428,0.2572,1105.9692,27.2573
2025-02-11 17:35,8428,0.2572,1105.9692,27.2234
2025-02-11 17:36,8428,0.2572,1105.9692,27.2573
2025-02-11 17:37,8428,0.2572,1105.9692,27.2573
2025-02-11 17:38,8428,0.2572,1105.9692,27.2573
2025-02-11 17:39,8429,0.2572,1106.1004,27.2234
2025-02-11 17:40,8429,0.2572,1106.1004,27.2573
2025-02-11 17:41,8429,0.2572,1106.1004,27.2234
2025-02-11 17:42,8428,0.2572,1105.9692,27.2573
2025-02-11 17:43,8428,0.2572,1105.9692,27.2234
2025-02-11 17:44,8428,0.2572,1105.9692,27.2234
2025-02-11 17:45,8428,0.2572,1105.9692,27.2234
2025-02-11 17:46,8429,0.2572,1106.1004,27.2573
2025-02-11 17:47,8429,0.2572,1106.1004,27.2234
2025-02-11 17:48,8428,0.2572,1105.9692,27.2234
2025-02-11 17:49,8428,0.2572,1105.9692,27.2234
2025-02-11 17:50,8428,0.2572,1105.9692,27.2573
2025-02-11 17:51,8429,0.2572,1106.1004,27.2234
2025-02-11 17:52,8429,0.2572,1106.1004,27.2573
2025-02-11 17:53,8429,0.2572,1106.1004,27.2234
2025-02-11 17:54,8429,0.2572,1106.1004,27.2234
2025-02-11 17:55,8429,0.2572,1106.1004,27.2573
2025-02-11 17:56,8428,0.2572,1105.9692,27.2573
2025-02-11 17:57,8429,0.2572,1106.1004,27.2573
2025-02-11 17:58,8429,0.2572,1106.1004,27.2573
2025-02-11 17:59,8429,0.2572,1106.1004,27.2573
2025-02-11 18:00,8429,0.2572,1106.1004,27.2234
2025-02-11 18:01,8429,0.2572,1106.1004,27.2573
2025-02-11 18:02,8429,0.2572,1106.1004,27.2573
2025-02-11 18:03,8428,0.2572,1105.9692,27.2573
2025-02-11 18:04,8429,0.2572,1106.1004,27.2573
2025-02-11 18:05,8429,0.2572,1106.1004,27.2234
2025-02-11 18:06,8429,0.2572,1106.1004,27.2573
2025-02-11 18:07,8429,0.2572,1106.1004,27.2573
2025-02-11 18:08,8429,0.2572,1106.1004,27.2234
2025-02-11 18:09,8429,0.2572,1106.1004,27.2573
2025-02-11 18:10,8429,0.2572,1106.1004,27.2573
2025-02-11 18:11,8428,0.2572,1105.9692,27.2234
2025-02-11 18:12,8429,0.2572,1106.1004,27.2573
2025-02-11 18:13,8429,0.2572,1106.1004,27.2573
2025-02-11 18:14,8428,0.2572,1105.9692,27.2573
2025-02-11 18:15,8429,0.2572,1106.1004,27.2234
2025-02-11 18:16,8428,0.2572,1105.9692,27.2234
2025-02-11 18:17,8429,0.2572,1106.1004,27.2573
2025-02-11 18:18,8429,0.2572,1106.1004,27.2573
2025-02-11 18:19,8429,0.2572,1106.1004,27.2234
2025-02-11 18:20,8428,0.2572,1105.9692,27.2573
2025-02-11 18:21,8429,0.2572,1106.1004,27.2573
2025-02-11 18:22,8429,0.2572,1106.1004,27.2573
2025-02-11 18:23,8429,0.2572,1106.1004,27.2234
2025-02-11 18:24,8429,0.2572,1106.1004,27.2573
2025-02-11 18:25,8429,0.2572,1106.1004,27.2573
2025-02-11 18:26,8428,0.2572,1105.9692,27.2234
2025-02-11 18:27,8429,0.2572,1106.1004,27.2234
2025-02-11 18:28,8428,0.2572,1105.9692,27.2234
2025-02-11 18:29,8429,0.2572,1106.1004,27.2234
2025-02-11 18:30,8428,0.2572,1105.9692,27.2234
2025-02-11 18:31,8429,0.2572,1106.1004,27.2234
2025-02-11 18:32,8428,0.2572,1105.9692,27.2234
2025-02-11 18:33,8428,0.2572,1105.9692,27.2234
2025-02-11 18:34,8428,0.2572,1105.9692,27.2234
2025-02-11 18:35,8428,0.2572,1105.9692,27.2234
2025-02-11 18:36,8428,0.2572,1105.9692,27.2573
2025-02-11 18:37,8429,0.2572,1106.1004,27.2234
2025-02-11 18:38,8428,0.2572,1105.9692,27.2234
2025-02-11 18:39,8429,0.2572,1106.1004,27.2573
2025-02-11 18:40,8428,0.2572,1105.9692,27.2573
2025-02-11 18:41,8428,0.2572,1105.9692,27.2573
2025-02-11 18:42,8428,0.2572,1105.9692,27.2234
2025-02-11 18:43,8428,0.2572,1105.9692,27.2234
2025-02-11 18:44,8428,0.2572,1105.9692,27.2234
2025-02-11 18:45,8427,0.2572,1105.838,27.2234
2025-02-11 18:46,8428,0.2572,1105.9692,27.2234
2025-02-11 18:47,8428,0.2572,1105.9692,27.2234
2025-02-11 18:48,8427,0.2572,1105.838,27.2234
2025-02-11 18:49,8428,0.2572,1105.9692,27.2234
2025-02-11 18:50,8428,0.2572,1105.9692,27.2234
2025-02-11 18:51,8428,0.2572,1105.9692,27.2234
2025-02-11 18:52,8428,0.2572,1105.9692,27.2234
2025-02-11 18:53,8428,0.2572,1105.9692,27.2234
2025-02-11 18:54,8428,0.2572,1105.9692,27.2234
2025-02-11 18:55,8427,0.2572,1105.838,27.2234
2025-02-11 18:56,8428,0.2572,1105.9692,27.2234
2025-02-11 18:57,8428,0.2572,1105.9692,27.2234
2025-02-11 18:58,8427,0.2572,1105.838,27.2234
2025-02-11 18:59,8428,0.2572,1105.9692,27.1896
2025-02-11 19:00,8428,0.2572,1105.9692,27.2234
2025-02-11 19:01,8427,0.2572,1105.838,27.2234
2025-02-11 19:02,8427,0.2572,1105.838,27.2234
2025-02-11 19:03,8427,0.2572,1105.838,27.2234
2025-02-11 19:04,8428,0.2572,1105.9692,27.2234
2025-02-11 19:05,8427,0.2572,1105.838,27.1896
2025-02-11 19:06,8427,0.2572,1105.838,27.1896
2025-02-11 19:07,8427,0.2572,1105.838,27.1896
2025-02-11 19:08,8427,0.2572,1105.838,27.1896
2025-02-11 19:09,8427,0.2572,1105.838,27.2234
2025-02-11 19:10,8427,0.2572,1105.838,27.2234
2025-02-11 19:11,8427,0.2572,1105.838,27.1896
2025-02-11 19:12,8427,0.2572,1105.838,27.1896
2025-02-11 19:13,8427,0.2572,1105.838,27.1896
2025-02-11 19:14,8427,0.2572,1105.838,27.1896
2025-02-11 19:15,8427,0.2572,1105.838,27.1896
2025-02-11 19:16,8427,0.2572,1105.838,27.1896
2025-02-11 19:17,8427,0.2572,1105.838,27.1896
2025-02-11 19:18,8427,0.2572,1105.838,27.1896
2025-02-11 19:19,8427,0.2572,1105.838,27.1896
2025-02-11 19:20,8426,0.2571,1105.7067,27.1896
2025-02-11 19:21,8427,0.2572,1105.838,27.1896
2025-02-11 19:22,8426,0.2571,1105.7067,27.1896
2025-02-11 19:23,8427,0.2572,1105.838,27.1896
2025-02-11 19:24,8426,0.2571,1105.7067,27.1896
2025-02-11 19:25,8426,0.2571,1105.7067,27.1896
2025-02-11 19:26,8426,0.2571,1105.7067,27.1557
2025-02-11 19:27,8426,0.2571,1105.7067,27.1557
2025-02-11 19:28,8427,0.2572,1105.838,27.1557
2025-02-11 19:29,8426,0.2571,1105.7067,27.1896
2025-02-11 19:30,8426,0.2571,1105.7067,27.1557
2025-02-11 19:31,8426,0.2571,1105.7067,27.1557
2025-02-11 19:32,8426,0.2571,1105.7067,27.1557
2025-02-11 19:33,8426,0.2571,1105.7067,27.1557
2025-02-11 19:34,8426,0.2571,1105.7067,27.1557
2025-02-11 19:35,8426,0.2571,1105.7067,27.1557
2025-02-11 19:36,8426,0.2571,1105.7067,27.1557
2025-02-11 19:37,8425,0.2571,1105.5755,27.1218
2025-02-11 19:38,8426,0.2571,1105.7067,27.1557
2025-02-11 19:39,8425,0.2571,1105.5755,27.1557
2025-02-11 19:40,8426,0.2571,1105.7067,27.1557
2025-02-11 19:41,8426,0.2571,1105.7067,27.1557
2025-02-11 19:42,8425,0.2571,1105.5755,27.1218
2025-02-11 19:43,8425,0.2571,1105.5755,27.1218
2025-02-11 19:44,8425,0.2571,1105.5755,27.1218
2025-02-11 19:45,8426,0.2571,1105.7067,27.1557
2025-02-11 19:46,8425,0.2571,1105.5755,27.1218
2025-02-11 19:47,8425,0.2571,1105.5755,27.1218
2025-02-11 19:48,8425,0.2571,1105.5755,27.1218
2025-02-11 19:49,8425,0.2571,1105.5755,27.1218
2025-02-11 19:50,8425,0.2571,1105.5755,27.1557
2025-02-11 19:51,8425,0.2571,1105.5755,27.1218
2025-02-11 19:52,8425,0.2571,1105.5755,27.1218
2025-02-11 19:53,8424,0.2571,1105.4443,27.1218
2025-02-11 19:54,8424,0.2571,1105.4443,27.1218
2025-02-11 19:55,8425,0.2571,1105.5755,27.1218
2025-02-11 19:56,8425,0.2571,1105.5755,27.088
2025-02-11 19:57,8425,0.2571,1105.5755,27.1218
2025-02-11 19:58,8424,0.2571,1105.4443,27.1218
2025-02-11 19:59,8424,0.2571,1105.4443,27.1218
2025-02-11 20:00,8425,0.2571,1105.5755,27.1218
2025-02-11 20:01,8424,0.2571,1105.4443,27.088
2025-02-11 20:02,8424,0.2571,1105.4443,27.088
2025-02-11 20:03,8424,0.2571,1105.4443,27.088
2025-02-11 20:04,8424,0.2571,1105.4443,27.088
2025-02-11 20:05,8424,0.2571,1105.4443,27.088
2025-02-11 20:06,8424,0.2571,1105.4443,27.088
2025-02-11 20:07,8424,0.2571,1105.4443,27.088
2025-02-11 20:08,8424,0.2571,1105.4443,27.088
2025-02-11 20:09,8424,0.2571,1105.4443,27.088
2025-02-11 20:10,8424,0.2571,1105.4443,27.088
2025-02-11 20:11,8423,0.257,1105.3131,27.0543
2025-02-11 20:12,8424,0.2571,1105.4443,27.088
2025-02-11 20:13,8423,0.257,1105.3131,27.088
2025-02-11 20:14,8423,0.257,1105.3131,27.0543
2025-02-11 20:15,8424,0.2571,1105.4443,27.0543
2025-02-11 20:16,8423,0.257,1105.3131,27.0543
2025-02-11 20:17,8423,0.257,1105.3131,27.0543
2025-02-11 20:18,8424,0.2571,1105.4443,27.0543
2025-02-11 20:19,8423,0.257,1105.3131,27.0543
2025-02-11 20:20,8423,0.257,1105.3131,27.0543
2025-02-11 20:21,8423,0.257,1105.3131,27.0543
2025-02-11 20:22,8423,0.257,1105.3131,27.0543
2025-02-11 20:23,8423,0.257,1105.3131,27.0543
2025-02-11 20:24,8423,0.257,1105.3131,27.0543
2025-02-11 20:25,8423,0.257,1105.3131,27.0543
2025-02-11 20:26,8423,0.257,1105.3131,27.0543
2025-02-11 20:27,8422,0.257,1105.1818,27.0543
2025-02-11 20:28,8423,0.257,1105.3131,27.0543
2025-02-11 20:29,8423,0.257,1105.3131,27.0202
2025-02-11 20:30,8422,0.257,1105.1818,27.0543
2025-02-11 20:31,8422,0.257,1105.1818,27.0202
2025-02-11 20:32,8422,0.257,1105.1818,27.0202
2025-02-11 20:33,8422,0.257,1105.1818,27.0202
2025-02-11 20:34,8422,0.257,1105.1818,27.0202
2025-02-11 20:35,8422,0.257,1105.1818,27.0202
2025-02-11 20:36,8422,0.257,1105.1818,27.0202
2025-02-11 20:37,8422,0.257,1105.1818,27.0202
2025-02-11 20:38,8422,0.257,1105.1818,27.0202
2025-02-11 20:39,8421,0.257,1105.0506,26.9866
2025-02-11 20:40,8422,0.257,1105.1818,27.0202
2025-02-11 20:41,8421,0.257,1105.0506,27.0202
2025-02-11 20:42,8422,0.257,1105.1818,27.0202
2025-02-11 20:43,8422,0.257,1105.1818,26.9866
2025-02-11 20:44,8421,0.257,1105.0506,26.9866
2025-02-11 20:45,8421,0.257,1105.0506,26.9866
2025-02-11 20:46,8421,0.257,1105.0506,27.0202
2025-02-11 20:47,8421,0.257,1105.0506,26.9866
2025-02-11 20:48,8421,0.257,1105.0506,26.9866
2025-02-11 20:49,8421,0.257,1105.0506,26.9866
2025-02-11 20:50,8421,0.257,1105.0506,26.9866
2025-02-11 20:51,8421,0.257,1105.0506,26.9866
2025-02-11 20:52,8421,0.257,1105.0506,26.9527
2025-02-11 20:53,8421,0.257,1105.0506,26.9527
2025-02-11 20:54,8420,0.257,1104.9194,26.9527
2025-02-11 20:55,8421,0.257,1105.0506,26.9527
2025-02-11 20:56,8420,0.257,1104.9194,26.9527
2025-02-11 20:57,8420,0.257,1104.9194,26.9866
2025-02-11 20:58,8420,0.257,1104.9194,26.9866
2025-02-11 20:59,8419,0.2569,1104.7882,26.9866
2025-02-11 21:00,8420,0.257,1104.9194,26.9527
2025-02-11 21:01,8420,0.257,1104.9194,26.9527
2025-02-11 21:02,8420,0.257,1104.9194,26.9527
2025-02-11 21:03,8420,0.257,1104.9194,26.9527
2025-02-11 21:04,8420,0.257,1104.9194,26.9527
2025-02-11 21:05,8419,0.2569,1104.7882,26.9527
2025-02-11 21:06,8420,0.257,1104.9194,26.9527
2025-02-11 21:07,8420,0.257,1104.9194,26.9527
2025-02-11 21:08,8419,0.2569,1104.7882,26.9527
2025-02-11 21:09,8420,0.257,1104.9194,26.9527
2025-02-11 21:10,8419,0.2569,1104.7882,26.9189
2025-02-11 21:11,8420,0.257,1104.9194,26.9189
2025-02-11 21:12,8419,0.2569,1104.7882,26.9189
2025-02-11 21:13,8419,0.2569,1104.7882,26.9189
2025-02-11 21:14,8419,0.2569,1104.7882,26.9189
2025-02-11 21:15,8419,0.2569,1104.7882,26.9527
2025-02-11 21:16,8419,0.2569,1104.7882,26.9189
2025-02-11 21:17,8419,0.2569,1104.7882,26.9189
2025-02-11 21:18,8419,0.2569,1104.7882,26.9189
2025-02-11 21:19,8419,0.2569,1104.7882,26.9189
2025-02-11 21:20,8419,0.2569,1104.7882,26.885
2025-02-11 21:21,8418,0.2569,1104.6569,26.885
2025-02-11 21:22,8418,0.2569,1104.6569,26.885
2025-02-11 21:23,8419,0.2569,1104.7882,26.9189
2025-02-11 21:24,8419,0.2569,1104.7882,26.9189
2025-02-11 21:25,8418,0.2569,1104.6569,26.9189
2025-02-11 21:26,8418,0.2569,1104.6569,26.9189
2025-02-11 21:27,8418,0.2569,1104.6569,26.885
2025-02-11 21:28,8418,0.2569,1104.6569,26.885
2025-02-11 21:29,8418,0.2569,1104.6569,26.885
2025-02-11 21:30,8418,0.2569,1104.6569,26.885
2025-02-11 21:31,8418,0.2569,1104.6569,26.885
2025-02-11 21:32,8418,0.2569,1104.6569,26.885
2025-02-11 21:33,8417,0.2569,1104.5257,26.885
2025-02-11 21:34,8417,0.2569,1104.5257,26.885
2025-02-11 21:35,8418,0.2569,1104.6569,26.885
2025-02-11 21:36,8418,0.2569,1104.6569,26.8511
2025-02-11 21:37,8417,0.2569,1104.5257,26.8511
2025-02-11 21:38,8417,0.2569,1104.5257,26.8511
2025-02-11 21:39,8417,0.2569,1104.5257,26.8511
2025-02-11 21:40,8417,0.2569,1104.5257,26.8511
2025-02-11 21:41,8417,0.2569,1104.5257,26.8511
2025-02-11 21:42,8417,0.2569,1104.5257,26.8511
2025-02-11 21:43,8417,0.2569,1104.5257,26.8511
2025-02-11 21:44,8417,0.2569,1104.5257,26.8511
2025-02-11 21:45,8417,0.2569,1104.5257,26.8511
2025-02-11 21:46,8417,0.2569,1104.5257,26.8511
2025-02-11 21:47,8417,0.2569,1104.5257,26.8511
2025-02-11 21:48,8417,0.2569,1104.5257,26.8511
2025-02-11 21:49,8417,0.2569,1104.5257,26.8511
2025-02-11 21:50,8416,0.2568,1104.3945,26.8173
2025-02-11 21:51,8416,0.2568,1104.3945,26.8173
2025-02-11 21:52,8416,0.2568,1104.3945,26.8173
2025-02-11 21:53,8416,0.2568,1104.3945,26.8511
2025-02-11 21:54,8416,0.2568,1104.3945,26.8173
2025-02-11 21:55,8416,0.2568,1104.3945,26.8173
2025-02-11 21:56,8415,0.2568,1104.2633,26.8173
2025-02-11 21:57,8416,0.2568,1104.3945,26.8173
2025-02-11 21:58,8416,0.2568,1104.3945,26.8173
2025-02-11 21:59,8416,0.2568,1104.3945,26.8173
2025-02-11 22:00,8416,0.2568,1104.3945,26.8173
2025-02-11 22:01,8416,0.2568,1104.3945,26.8173
2025-02-11 22:02,8415,0.2568,1104.2633,26.8173
2025-02-11 22:03,8416,0.2568,1104.3945,26.7834
2025-02-11 22:04,8415,0.2568,1104.2633,26.7834
2025-02-11 22:05,8415,0.2568,1104.2633,26.7834
2025-02-11 22:06,8415,0.2568,1104.2633,26.7834
2025-02-11 22:07,8415,0.2568,1104.2633,26.7834
2025-02-11 22:08,8415,0.2568,1104.2633,26.7834
2025-02-11 22:09,8415,0.2568,1104.2633,26.7834
2025-02-11 22:10,8415,0.2568,1104.2633,26.7495
2025-02-11 22:11,8415,0.2568,1104.2633,26.7495
2025-02-11 22:12,8415,0.2568,1104.2633,26.7834
2025-02-11 22:13,8415,0.2568,1104.2633,26.7834
2025-02-11 22:14,8414,0.2568,1104.132,26.7495
2025-02-11 22:15,8414,0.2568,1104.132,26.7834
2025-02-11 22:16,8414,0.2568,1104.132,26.7495
2025-02-11 22:17,8414,0.2568,1104.132,26.7834
2025-02-11 22:18,8415,0.2568,1104.2633,26.7495
2025-02-11 22:19,8414,0.2568,1104.132,26.7495
2025-02-11 22:20,8414,0.2568,1104.132,26.7495
2025-02-11 22:21,8414,0.2568,1104.132,26.7495
2025-02-11 22:22,8414,0.2568,1104.132,26.7495
2025-02-11 22:23,8414,0.2568,1104.132,26.7159
2025-02-11 22:24,8414,0.2568,1104.132,26.7159
2025-02-11 22:25,8413,0.2567,1104.0008,26.7495
2025-02-11 22:26,8413,0.2567,1104.0008,26.7495
2025-02-11 22:27,8413,0.2567,1104.0008,26.7159
2025-02-11 22:28,8413,0.2567,1104.0008,26.7159
2025-02-11 22:29,8413,0.2567,1104.0008,26.7495
2025-02-11 22:30,8413,0.2567,1104.0008,26.7159
2025-02-11 22:31,8412,0.2567,1103.8696,26.7159
2025-02-11 22:32,8413,0.2567,1104.0008,26.7159
2025-02-11 22:33,8413,0.2567,1104.0008,26.6818
2025-02-11 22:34,8412,0.2567,1103.8696,26.7159
2025-02-11 22:35,8412,0.2567,1103.8696,26.7159
2025-02-11 22:36,8412,0.2567,1103.8696,26.6818
2025-02-11 22:37,8412,0.2567,1103.8696,26.6818
2025-02-11 22:38,8412,0.2567,1103.8696,26.6818
2025-02-11 22:39,8412,0.2567,1103.8696,26.6818
2025-02-11 22:40,8412,0.2567,1103.8696,26.6818
2025-02-11 22:41,8412,0.2567,1103.8696,26.6818
2025-02-11 22:42,8412,0.2567,1103.8696,26.6481
2025-02-11 22:43,8412,0.2567,1103.8696,26.6818
2025-02-11 22:44,8412,0.2567,1103.8696,26.6818
2025-02-11 22:45,8412,0.2567,1103.8696,26.6818
2025-02-11 22:46,8412,0.2567,1103.8696,26.6818
2025-02-11 22:47,8411,0.2567,1103.7384,26.6481
2025-02-11 22:48,8411,0.2567,1103.7384,26.6481
2025-02-11 22:49,8412,0.2567,1103.8696,26.6481
2025-02-11 22:50,8411,0.2567,1103.7384,26.6481
2025-02-11 22:51,8411,0.2567,1103.7384,26.6481
2025-02-11 22:52,8411,0.2567,1103.7384,26.6481
2025-02-11 22:53,8411,0.2567,1103.7384,26.6481
2025-02-11 22:54,8410,0.2567,1103.6071,26.6481
2025-02-11 22:55,8411,0.2567,1103.7384,26.6143
2025-02-11 22:57,8411,0.2567,1103.7384,26.6143
2025-02-11 22:58,8410,0.2567,1103.6071,26.6481
2025-02-11 22:59,8411,0.2567,1103.7384,26.6481
2025-02-11 23:00,8410,0.2567,1103.6071,26.6143
2025-02-11 23:01,8410,0.2567,1103.6071,26.6143
2025-02-11 23:02,8410,0.2567,1103.6071,26.6143
2025-02-11 23:03,8410,0.2567,1103.6071,26.6143
2025-02-11 23:04,8410,0.2567,1103.6071,26.6143
2025-02-11 23:05,8410,0.2567,1103.6071,26.6143
2025-02-11 23:06,8410,0.2567,1103.6071,26.6143
2025-02-11 23:07,8410,0.2567,1103.6071,26.6143
2025-02-11 23:08,8409,0.2566,1103.4759,26.6143
2025-02-11 23:09,8410,0.2567,1103.6071,26.5804
2025-02-11 23:10,8410,0.2567,1103.6071,26.5804
2025-02-11 23:11,8409,0.2566,1103.4759,26.5804
2025-02-11 23:12,8409,0.2566,1103.4759,26.6143
2025-02-11 23:13,8409,0.2566,1103.4759,26.5804
2025-02-11 23:14,8409,0.2566,1103.4759,26.5804
2025-02-11 23:15,8409,0.2566,1103.4759,26.5804
2025-02-11 23:16,8408,0.2566,1103.3447,26.5804
2025-02-11 23:17,8409,0.2566,1103.4759,26.5804
2025-02-11 23:18,8409,0.2566,1103.4759,26.5804
2025-02-11 23:19,8409,0.2566,1103.4759,26.5804
2025-02-11 23:20,8408,0.2566,1103.3447,26.5465
2025-02-11 23:21,8408,0.2566,1103.3447,26.5465
2025-02-11 23:22,8408,0.2566,1103.3447,26.5465
2025-02-11 23:23,8408,0.2566,1103.3447,26.5465
2025-02-11 23:24,8408,0.2566,1103.3447,26.5465
2025-02-11 23:25,8408,0.2566,1103.3447,26.5465
2025-02-11 23:26,8407,0.2566,1103.2135,26.5465
2025-02-11 23:27,8408,0.2566,1103.3447,26.5127
2025-02-11 23:28,8408,0.2566,1103.3447,26.5465
2025-02-11 23:29,8407,0.2566,1103.2135,26.5465
2025-02-11 23:30,8407,0.2566,1103.2135,26.5465
2025-02-11 23:31,8407,0.2566,1103.2135,26.5465
2025-02-11 23:32,8407,0.2566,1103.2135,26.5127
2025-02-11 23:33,8407,0.2566,1103.2135,26.5127
2025-02-11 23:34,8407,0.2566,1103.2135,26.5127
2025-02-11 23:35,8407,0.2566,1103.2135,26.5127
2025-02-11 23:36,8406,0.2565,1103.0822,26.5127
2025-02-11 23:37,8407,0.2566,1103.2135,26.5127
2025-02-11 23:38,8407,0.2566,1103.2135,26.479
2025-02-11 23:39,8406,0.2565,1103.0822,26.5127
2025-02-11 23:40,8407,0.2566,1103.2135,26.5127
2025-02-11 23:41,8406,0.2565,1103.0822,26.479
2025-02-11 23:42,8406,0.2565,1103.0822,26.479
2025-02-11 23:43,8406,0.2565,1103.0822,26.479
2025-02-11 23:44,8406,0.2565,1103.0822,26.479
2025-02-11 23:45,8406,0.2565,1103.0822,26.479
2025-02-11 23:46,8405,0.2565,1102.951,26.479
2025-02-11 23:47,8406,0.2565,1103.0822,26.479
2025-02-11 23:48,8406,0.2565,1103.0822,26.479
2025-02-11 23:49,8406,0.2565,1103.0822,26.479
2025-02-11 23:50,8406,0.2565,1103.0822,26.4449
2025-02-11 23:51,8405,0.2565,1102.951,26.479
2025-02-11 23:52,8405,0.2565,1102.951,26.4449
2025-02-11 23:53,8405,0.2565,1102.951,26.4449
2025-02-11 23:54,8405,0.2565,1102.951,26.4449
2025-02-11 23:55,8405,0.2565,1102.951,26.4449
2025-02-11 23:56,8405,0.2565,1102.951,26.4449
2025-02-11 23:57,8404,0.2565,1102.8198,26.4449
2025-02-11 23:58,8404,0.2565,1102.8198,26.4449
2025-02-11 23:59,8405,0.2565,1102.951,26.4449
2025-02-12 00:00,8404,0.2565,1102.8198,26.4449
2025-02-12 00:01,8404,0.2565,1102.8198,26.4113
2025-02-12 00:02,8404,0.2565,1102.8198,26.4449
2025-02-12 00:03,8404,0.2565,1102.8198,26.4113
2025-02-12 00:04,8404,0.2565,1102.8198,26.4113
2025-02-12 00:05,8404,0.2565,1102.8198,26.4113
2025-02-12 00:06,8404,0.2565,1102.8198,26.4113
2025-02-12 00:07,8404,0.2565,1102.8198,26.4113
2025-02-12 00:08,8403,0.2564,1102.6885,26.4113
2025-02-12 00:09,8404,0.2565,1102.8198,26.4113
2025-02-12 00:10,8403,0.2564,1102.6885,26.4113
2025-02-12 00:11,8403,0.2564,1102.6885,26.3774
2025-02-12 00:12,8404,0.2565,1102.8198,26.4113
2025-02-12 00:13,8403,0.2564,1102.6885,26.3774
2025-02-12 00:14,8403,0.2564,1102.6885,26.4113
2025-02-12 00:15,8403,0.2564,1102.6885,26.3774
2025-02-12 00:16,8403,0.2564,1102.6885,26.3774
2025-02-12 00:17,8403,0.2564,1102.6885,26.3774
2025-02-12 00:18,8403,0.2564,1102.6885,26.3774
2025-02-12 00:19,8403,0.2564,1102.6885,26.3774
2025-02-12 00:20,8402,0.2564,1102.5573,26.3774
2025-02-12 00:21,8403,0.2564,1102.6885,26.3435
2025-02-12 00:22,8403,0.2564,1102.6885,26.3774
2025-02-12 00:23,8402,0.2564,1102.5573,26.3435
2025-02-12 00:24,8402,0.2564,1102.5573,26.3435
2025-02-12 00:25,8402,0.2564,1102.5573,26.3435
2025-02-12 00:26,8402,0.2564,1102.5573,26.3435
2025-02-12 00:27,8402,0.2564,1102.5573,26.3435
2025-02-12 00:28,8402,0.2564,1102.5573,26.3435
2025-02-12 00:29,8402,0.2564,1102.5573,26.3435
2025-02-12 00:30,8402,0.2564,1102.5573,26.3435
2025-02-12 00:31,8401,0.2564,1102.4261,26.3435
2025-02-12 00:32,8402,0.2564,1102.5573,26.3435
2025-02-12 00:33,8401,0.2564,1102.4261,26.3435
2025-02-12 00:34,8402,0.2564,1102.5573,26.3097
2025-02-12 00:35,8402,0.2564,1102.5573,26.3097
2025-02-12 00:36,8401,0.2564,1102.4261,26.3097
2025-02-12 00:37,8401,0.2564,1102.4261,26.3097
2025-02-12 00:38,8401,0.2564,1102.4261,26.3097
2025-02-12 00:39,8401,0.2564,1102.4261,26.3097
2025-02-12 00:40,8400,0.2563,1102.2949,26.3097
2025-02-12 00:41,8401,0.2564,1102.4261,26.3097
2025-02-12 00:42,8400,0.2563,1102.2949,26.3097
2025-02-12 00:43,8401,0.2564,1102.4261,26.2758
2025-02-12 00:44,8400,0.2563,1102.2949,26.2758
2025-02-12 00:45,8400,0.2563,1102.2949,26.2758
2025-02-12 00:46,8400,0.2563,1102.2949,26.2758
2025-02-12 00:47,8400,0.2563,1102.2949,26.2758
2025-02-12 00:48,8400,0.2563,1102.2949,26.3097
2025-02-12 00:49,8399,0.2563,1102.1636,26.2758
2025-02-12 00:50,8400,0.2563,1102.2949,26.2419
2025-02-12 00:51,8400,0.2563,1102.2949,26.2758
2025-02-12 00:52,8400,0.2563,1102.2949,26.2758
2025-02-12 00:53,8399,0.2563,1102.1636,26.2758
2025-02-12 00:54,8399,0.2563,1102.1636,26.2419
2025-02-12 00:55,8399,0.2563,1102.1636,26.2419
2025-02-12 00:56,8399,0.2563,1102.1636,26.2758
2025-02-12 00:57,8399,0.2563,1102.1636,26.2419
2025-02-12 00:58,8399,0.2563,1102.1636,26.2419
2025-02-12 00:59,8399,0.2563,1102.1636,26.2419
2025-02-12 01:00,8399,0.2563,1102.1636,26.2419
2025-02-12 01:01,8399,0.2563,1102.1636,26.2419
2025-02-12 01:02,8399,0.2563,1102.1636,26.2081
2025-02-12 01:03,8399,0.2563,1102.1636,26.2419
2025-02-12 01:04,8399,0.2563,1102.1636,26.2419
2025-02-12 01:05,8398,0.2563,1102.0324,26.2081
2025-02-12 01:06,8398,0.2563,1102.0324,26.2081
2025-02-12 01:07,8399,0.2563,1102.1636,26.2419
2025-02-12 01:08,8398,0.2563,1102.0324,26.2081
2025-02-12 01:09,8398,0.2563,1102.0324,26.2081
2025-02-12 01:10,8398,0.2563,1102.0324,26.2081
2025-02-12 01:11,8398,0.2563,1102.0324,26.2081
2025-02-12 01:12,8398,0.2563,1102.0324,26.1744
2025-02-12 01:13,8397,0.2563,1101.9012,26.2081
2025-02-12 01:14,8397,0.2563,1101.9012,26.2081
2025-02-12 01:15,8398,0.2563,1102.0324,26.1744
2025-02-12 01:16,8397,0.2563,1101.9012,26.1744
2025-02-12 01:17,8397,0.2563,1101.9012,26.1744
2025-02-12 01:18,8397,0.2563,1101.9012,26.1744
2025-02-12 01:19,8397,0.2563,1101.9012,26.2081
2025-02-12 01:20,8397,0.2563,1101.9012,26.1744
2025-02-12 01:21,8397,0.2563,1101.9012,26.1744
2025-02-12 01:22,8397,0.2563,1101.9012,26.1744
2025-02-12 01:23,8396,0.2562,1101.77,26.1744
2025-02-12 01:24,8397,0.2563,1101.9012,26.1744
2025-02-12 01:25,8396,0.2562,1101.77,26.1405
2025-02-12 01:26,8396,0.2562,1101.77,26.1744
2025-02-12 01:27,8397,0.2563,1101.9012,26.1405
2025-02-12 01:28,8396,0.2562,1101.77,26.1405
2025-02-12 01:29,8396,0.2562,1101.77,26.1405
2025-02-12 01:30,8396,0.2562,1101.77,26.1405
2025-02-12 01:31,8396,0.2562,1101.77,26.1405
2025-02-12 01:32,8395,0.2562,1101.6387,26.1405
2025-02-12 01:33,8396,0.2562,1101.77,26.1405
2025-02-12 01:34,8396,0.2562,1101.77,26.1405
2025-02-12 01:35,8395,0.2562,1101.6387,26.1067
2025-02-12 01:36,8395,0.2562,1101.6387,26.1067
2025-02-12 01:37,8395,0.2562,1101.6387,26.1405
2025-02-12 01:38,8395,0.2562,1101.6387,26.1067
2025-02-12 01:39,8395,0.2562,1101.6387,26.1067
2025-02-12 01:40,8395,0.2562,1101.6387,26.1067
2025-02-12 01:41,8395,0.2562,1101.6387,26.1067
2025-02-12 01:42,8395,0.2562,1101.6387,26.1067
2025-02-12 01:43,8395,0.2562,1101.6387,26.1067
2025-02-12 01:44,8395,0.2562,1101.6387,26.1067
2025-02-12 01:45,8394,0.2562,1101.5075,26.1067
2025-02-12 01:46,8394,0.2562,1101.5075,26.0728
2025-02-12 01:47,8394,0.2562,1101.5075,26.0728
2025-02-12 01:48,8394,0.2562,1101.5075,26.0728
2025-02-12 01:49,8394,0.2562,1101.5075,26.0728
2025-02-12 01:50,8394,0.2562,1101.5075,26.0728
2025-02-12 01:51,8394,0.2562,1101.5075,26.0389
2025-02-12 01:52,8393,0.2561,1101.3763,26.0728
2025-02-12 01:53,8394,0.2562,1101.5075,26.0728
2025-02-12 01:54,8394,0.2562,1101.5075,26.0389
2025-02-12 01:55,8394,0.2562,1101.5075,26.0389
2025-02-12 01:56,8394,0.2562,1101.5075,26.0389
2025-02-12 01:57,8393,0.2561,1101.3763,26.0389
2025-02-12 01:58,8393,0.2561,1101.3763,26.0389
2025-02-12 01:59,8393,0.2561,1101.3763,26.0389
2025-02-12 02:00,8393,0.2561,1101.3763,26.0389
2025-02-12 02:01,8393,0.2561,1101.3763,26.0389
2025-02-12 02:02,8392,0.2561,1101.2451,26.0389
2025-02-12 02:03,8392,0.2561,1101.2451,26.0053
2025-02-12 02:04,8392,0.2561,1101.2451,26.0389
2025-02-12 02:05,8392,0.2561,1101.2451,26.0053
2025-02-12 02:06,8392,0.2561,1101.2451,26.0389
2025-02-12 02:07,8392,0.2561,1101.2451,26.0389
2025-02-12 02:08,8392,0.2561,1101.2451,26.0053
2025-02-12 02:09,8391,0.2561,1101.1138,26.0053
2025-02-12 02:10,8392,0.2561,1101.2451,26.0053
2025-02-12 02:11,8392,0.2561,1101.2451,26.0053
2025-02-12 02:12,8392,0.2561,1101.2451,26.0053
2025-02-12 02:13,8392,0.2561,1101.2451,26.0053
2025-02-12 02:14,8391,0.2561,1101.1138,26.0053
2025-02-12 02:15,8392,0.2561,1101.2451,26.0053
2025-02-12 02:16,8391,0.2561,1101.1138,26.0053
2025-02-12 02:17,8392,0.2561,1101.2451,25.9712
2025-02-12 02:18,8391,0.2561,1101.1138,25.9712
2025-02-12 02:19,8390,0.256,1100.9826,25.9712
2025-02-12 02:20,8391,0.2561,1101.1138,25.9712
2025-02-12 02:21,8390,0.256,1100.9826,25.9712
2025-02-12 02:22,8391,0.2561,1101.1138,25.9712
2025-02-12 02:23,8391,0.2561,1101.1138,25.9712
2025-02-12 02:24,8391,0.2561,1101.1138,25.9712
2025-02-12 02:25,8391,0.2561,1101.1138,25.9712
2025-02-12 02:26,8390,0.256,1100.9826,25.9712
2025-02-12 02:27,8390,0.256,1100.9826,25.9375
2025-02-12 02:28,8391,0.2561,1101.1138,25.9375
2025-02-12 02:29,8390,0.256,1100.9826,25.9375
2025-02-12 02:30,8390,0.256,1100.9826,25.9375
2025-02-12 02:31,8390,0.256,1100.9826,25.9375
2025-02-12 02:32,8390,0.256,1100.9826,25.9037
2025-02-12 02:33,8390,0.256,1100.9826,25.9375
2025-02-12 02:34,8389,0.256,1100.8514,25.9037
2025-02-12 02:35,8389,0.256,1100.8514,25.9375
2025-02-12 02:36,8390,0.256,1100.9826,25.9037
2025-02-12 02:37,8389,0.256,1100.8514,25.9375
2025-02-12 02:38,8389,0.256,1100.8514,25.9037
2025-02-12 02:39,8389,0.256,1100.8514,25.9037
2025-02-12 02:40,8388,0.256,1100.7202,25.9037
2025-02-12 02:41,8389,0.256,1100.8514,25.9037
2025-02-12 02:42,8389,0.256,1100.8514,25.9037
2025-02-12 02:43,8388,0.256,1100.7202,25.9037
2025-02-12 02:44,8389,0.256,1100.8514,25.9037
2025-02-12 02:45,8388,0.256,1100.7202,25.8698
2025-02-12 02:46,8388,0.256,1100.7202,25.8698
2025-02-12 02:47,8388,0.256,1100.7202,25.8698
2025-02-12 02:48,8388,0.256,1100.7202,25.8698
2025-02-12 02:49,8388,0.256,1100.7202,25.8698
2025-02-12 02:50,8388,0.256,1100.7202,25.8698
2025-02-12 02:51,8388,0.256,1100.7202,25.8698
2025-02-12 02:52,8387,0.256,1100.5889,25.8359
2025-02-12 02:53,8388,0.256,1100.7202,25.8359
2025-02-12 02:54,8388,0.256,1100.7202,25.8698
2025-02-12 02:55,8388,0.256,1100.7202,25.8698
2025-02-12 02:56,8387,0.256,1100.5889,25.8359
2025-02-12 02:57,8387,0.256,1100.5889,25.8359
2025-02-12 02:58,8387,0.256,1100.5889,25.8359
2025-02-12 02:59,8387,0.256,1100.5889,25.8698
2025-02-12 03:00,8387,0.256,1100.5889,25.8359
2025-02-12 03:01,8387,0.256,1100.5889,25.8359
2025-02-12 03:02,8386,0.2559,1100.4577,25.8359
2025-02-12 03:03,8387,0.256,1100.5889,25.8359
2025-02-12 03:04,8386,0.2559,1100.4577,25.8359
2025-02-12 03:05,8386,0.2559,1100.4577,25.8021
2025-02-12 03:06,8386,0.2559,1100.4577,25.8359
2025-02-12 03:07,8386,0.2559,1100.4577,25.8359
2025-02-12 03:08,8386,0.2559,1100.4577,25.8021
2025-02-12 03:09,8386,0.2559,1100.4577,25.8021
2025-02-12 03:10,8386,0.2559,1100.4577,25.8021
2025-02-12 03:11,8386,0.2559,1100.4577,25.7682
2025-02-12 03:12,8386,0.2559,1100.4577,25.8021
2025-02-12 03:13,8386,0.2559,1100.4577,25.8021
2025-02-12 03:14,8385,0.2559,1100.3265,25.7682
2025-02-12 03:15,8386,0.2559,1100.4577,25.7682
2025-02-12 03:16,8385,0.2559,1100.3265,25.7682
2025-02-12 03:17,8385,0.2559,1100.3265,25.7682
2025-02-12 03:18,8385,0.2559,1100.3265,25.7682
2025-02-12 03:19,8385,0.2559,1100.3265,25.7682
2025-02-12 03:20,8385,0.2559,1100.3265,25.7682
2025-02-12 03:21,8385,0.2559,1100.3265,25.7682
2025-02-12 03:22,8385,0.2559,1100.3265,25.7682
2025-02-12 03:23,8385,0.2559,1100.3265,25.7345
2025-02-12 03:24,8385,0.2559,1100.3265,25.7682
2025-02-12 03:25,8384,0.2559,1100.1953,25.7682
2025-02-12 03:26,8384,0.2559,1100.1953,25.7345
2025-02-12 03:27,8384,0.2559,1100.1953,25.7345
2025-02-12 03:28,8384,0.2559,1100.1953,25.7345
2025-02-12 03:29,8384,0.2559,1100.1953,25.7345
2025-02-12 03:30,8384,0.2559,1100.1953,25.7345
2025-02-12 03:31,8384,0.2559,1100.1953,25.7345
2025-02-12 03:32,8383,0.2558,1100.064,25.7345
2025-02-12 03:33,8383,0.2558,1100.064,25.7345
2025-02-12 03:34,8384,0.2559,1100.1953,25.7345
2025-02-12 03:35,8384,0.2559,1100.1953,25.7007
2025-02-12 03:36,8384,0.2559,1100.1953,25.7345
2025-02-12 03:37,8383,0.2558,1100.064,25.7007
2025-02-12 03:38,8383,0.2558,1100.064,25.7007
2025-02-12 03:39,8383,0.2558,1100.064,25.7007
2025-02-12 03:40,8383,0.2558,1100.064,25.7007
2025-02-12 03:41,8383,0.2558,1100.064,25.7007
2025-02-12 03:42,8383,0.2558,1100.064,25.7007
2025-02-12 03:43,8382,0.2558,1099.9328,25.6668
2025-02-12 03:44,8383,0.2558,1100.064,25.7007
2025-02-12 03:45,8383,0.2558,1100.064,25.7007
2025-02-12 03:46,8382,0.2558,1099.9328,25.6668
2025-02-12 03:47,8382,0.2558,1099.9328,25.6668
2025-02-12 03:48,8382,0.2558,1099.9328,25.7007
2025-02-12 03:49,8382,0.2558,1099.9328,25.6668
2025-02-12 03:50,8382,0.2558,1099.9328,25.6668
2025-02-12 03:51,8382,0.2558,1099.9328,25.6668
2025-02-12 03:52,8382,0.2558,1099.9328,25.6668
2025-02-12 03:53,8382,0.2558,1099.9328,25.6329
2025-02-12 03:54,8382,0.2558,1099.9328,25.6668
2025-02-12 03:55,8381,0.2558,1099.8016,25.6329
2025-02-12 03:56,8381,0.2558,1099.8016,25.6668
2025-02-12 03:57,8382,0.2558,1099.9328,25.6329
2025-02-12 03:58,8381,0.2558,1099.8016,25.6329
2025-02-12 03:59,8381,0.2558,1099.8016,25.6329
2025-02-12 04:00,8381,0.2558,1099.8016,25.6329
2025-02-12 04:01,8381,0.2558,1099.8016,25.6329
2025-02-12 04:02,8381,0.2558,1099.8016,25.6329
2025-02-12 04:03,8381,0.2558,1099.8016,25.6329
2025-02-12 04:04,8381,0.2558,1099.8016,25.6329
2025-02-12 04:05,8381,0.2558,1099.8016,25.6329
2025-02-12 04:06,8380,0.2557,1099.6704,25.6329
2025-02-12 04:07,8381,0.2558,1099.8016,25.5991
2025-02-12 04:08,8380,0.2557,1099.6704,25.6329
2025-02-12 04:09,8380,0.2557,1099.6704,25.5991
2025-02-12 04:10,8380,0.2557,1099.6704,25.5991
2025-02-12 04:11,8380,0.2557,1099.6704,25.5991
2025-02-12 04:12,8380,0.2557,1099.6704,25.5991
2025-02-12 04:13,8380,0.2557,1099.6704,25.5991
2025-02-12 04:14,8380,0.2557,1099.6704,25.5652
2025-02-12 04:15,8380,0.2557,1099.6704,25.5991
2025-02-12 04:16,8380,0.2557,1099.6704,25.5991
2025-02-12 04:17,8379,0.2557,1099.5391,25.5991
2025-02-12 04:18,8380,0.2557,1099.6704,25.5991
2025-02-12 04:19,8379,0.2557,1099.5391,25.5991
2025-02-12 04:20,8380,0.2557,1099.6704,25.5991
2025-02-12 04:21,8379,0.2557,1099.5391,25.5652
2025-02-12 04:22,8379,0.2557,1099.5391,25.5652
2025-02-12 04:23,8379,0.2557,1099.5391,25.5652
2025-02-12 04:24,8379,0.2557,1099.5391,25.5652
2025-02-12 04:25,8379,0.2557,1099.5391,25.5652
2025-02-12 04:26,8379,0.2557,1099.5391,25.5313
2025-02-12 04:27,8379,0.2557,1099.5391,25.5652
2025-02-12 04:28,8379,0.2557,1099.5391,25.5652
2025-02-12 04:29,8379,0.2557,1099.5391,25.5313
2025-02-12 04:30,8379,0.2557,1099.5391,25.5652
2025-02-12 04:31,8379,0.2557,1099.5391,25.5652
2025-02-12 04:32,8379,0.2557,1099.5391,25.5652
2025-02-12 04:33,8378,0.2557,1099.4079,25.5313
2025-02-12 04:34,8378,0.2557,1099.4079,25.5313
2025-02-12 04:35,8378,0.2557,1099.4079,25.5313
2025-02-12 04:36,8378,0.2557,1099.4079,25.5313
2025-02-12 04:37,8378,0.2557,1099.4079,25.5313
2025-02-12 04:38,8378,0.2557,1099.4079,25.5313
2025-02-12 04:39,8378,0.2557,1099.4079,25.5313
2025-02-12 04:40,8378,0.2557,1099.4079,25.5313
2025-02-12 04:41,8377,0.2556,1099.2767,25.5313
2025-02-12 04:42,8378,0.2557,1099.4079,25.5313
2025-02-12 04:43,8377,0.2556,1099.2767,25.4977
2025-02-12 04:44,8377,0.2556,1099.2767,25.4977
2025-02-12 04:45,8377,0.2556,1099.2767,25.5313
2025-02-12 04:46,8377,0.2556,1099.2767,25.4977
2025-02-12 04:47,8377,0.2556,1099.2767,25.5313
2025-02-12 04:48,8377,0.2556,1099.2767,25.4977
2025-02-12 04:49,8377,0.2556,1099.2767,25.4977
2025-02-12 04:50,8377,0.2556,1099.2767,25.4977
2025-02-12 04:51,8377,0.2556,1099.2767,25.4977
2025-02-12 04:52,8377,0.2556,1099.2767,25.4977
2025-02-12 04:53,8376,0.2556,1099.1455,25.4977
2025-02-12 04:54,8377,0.2556,1099.2767,25.4977
2025-02-12 04:55,8376,0.2556,1099.1455,25.4977
2025-02-12 04:56,8376,0.2556,1099.1455,25.4638
2025-02-12 04:57,8376,0.2556,1099.1455,25.4977
2025-02-12 04:58,8376,0.2556,1099.1455,25.4638
2025-02-12 04:59,8376,0.2556,1099.1455,25.4638
2025-02-12 05:00,8376,0.2556,1099.1455,25.4638
2025-02-12 05:01,8376,0.2556,1099.1455,25.4638
2025-02-12 05:02,8376,0.2556,1099.1455,25.4299
2025-02-12 05:03,8376,0.2556,1099.1455,25.4638
2025-02-12 05:04,8376,0.2556,1099.1455,25.4638
2025-02-12 05:05,8376,0.2556,1099.1455,25.4638
2025-02-12 05:06,8376,0.2556,1099.1455,25.4638
2025-02-12 05:07,8375,0.2556,1099.0142,25.4638
2025-02-12 05:08,8375,0.2556,1099.0142,25.4638
2025-02-12 05:09,8375,0.2556,1099.0142,25.4299
2025-02-12 05:10,8375,0.2556,1099.0142,25.4299
2025-02-12 05:11,8375,0.2556,1099.0142,25.4299
2025-02-12 05:12,8375,0.2556,1099.0142,25.4299
2025-02-12 05:13,8375,0.2556,1099.0142,25.4299
2025-02-12 05:14,8375,0.2556,1099.0142,25.4299
2025-02-12 05:15,8375,0.2556,1099.0142,25.4299
2025-02-12 05:16,8375,0.2556,1099.0142,25.4299
2025-02-12 05:17,8375,0.2556,1099.0142,25.4299
2025-02-12 05:18,8375,0.2556,1099.0142,25.4299
2025-02-12 05:19,8374,0.2556,1098.883,25.4299
2025-02-12 05:20,8374,0.2556,1098.883,25.3961
2025-02-12 05:21,8374,0.2556,1098.883,25.3961
2025-02-12 05:22,8374,0.2556,1098.883,25.3961
2025-02-12 05:23,8374,0.2556,1098.883,25.3961
2025-02-12 05:24,8374,0.2556,1098.883,25.3961
2025-02-12 05:25,8374,0.2556,1098.883,25.3961
2025-02-12 05:26,8374,0.2556,1098.883,25.3961
2025-02-12 05:27,8374,0.2556,1098.883,25.3961
2025-02-12 05:28,8374,0.2556,1098.883,25.3961
2025-02-12 05:29,8374,0.2556,1098.883,25.3961
2025-02-12 05:30,8374,0.2556,1098.883,25.3961
2025-02-12 05:31,8373,0.2555,1098.7518,25.3624
2025-02-12 05:32,8373,0.2555,1098.7518,25.3961
2025-02-12 05:33,8373,0.2555,1098.7518,25.3624
2025-02-12 05:34,8373,0.2555,1098.7518,25.3624
2025-02-12 05:35,8373,0.2555,1098.7518,25.3624
2025-02-12 05:36,8373,0.2555,1098.7518,25.3624
2025-02-12 05:37,8373,0.2555,1098.7518,25.3624
2025-02-12 05:38,8372,0.2555,1098.6206,25.3624
2025-02-12 05:39,8373,0.2555,1098.7518,25.3624
2025-02-12 05:40,8373,0.2555,1098.7518,25.3285
2025-02-12 05:41,8372,0.2555,1098.6206,25.3624
2025-02-12 05:42,8373,0.2555,1098.7518,25.3285
2025-02-12 05:43,8372,0.2555,1098.6206,25.3285
2025-02-12 05:44,8373,0.2555,1098.7518,25.3285
2025-02-12 05:45,8372,0.2555,1098.6206,25.3624
2025-02-12 05:46,8372,0.2555,1098.6206,25.3285
2025-02-12 05:47,8372,0.2555,1098.6206,25.3285
2025-02-12 05:48,8372,0.2555,1098.6206,25.3285
2025-02-12 05:49,8372,0.2555,1098.6206,25.3285
2025-02-12 05:50,8372,0.2555,1098.6206,25.3285
2025-02-12 05:51,8372,0.2555,1098.6206,25.3285
2025-02-12 05:52,8371,0.2555,1098.4893,25.3285
2025-02-12 05:53,8372,0.2555,1098.6206,25.2947
2025-02-12 05:54,8371,0.2555,1098.4893,25.3285
2025-02-12 05:55,8371,0.2555,1098.4893,25.2947
2025-02-12 05:56,8371,0.2555,1098.4893,25.3285
2025-02-12 05:57,8372,0.2555,1098.6206,25.2947
2025-02-12 05:58,8371,0.2555,1098.4893,25.2947
2025-02-12 05:59,8371,0.2555,1098.4893,25.2947
2025-02-12 06:00,8371,0.2555,1098.4893,25.2947
2025-02-12 06:01,8371,0.2555,1098.4893,25.2947
2025-02-12 06:02,8371,0.2555,1098.4893,25.2947
2025-02-12 06:03,8371,0.2555,1098.4893,25.2947
2025-02-12 06:04,8370,0.2554,1098.3581,25.2947
2025-02-12 06:05,8370,0.2554,1098.3581,25.2947
2025-02-12 06:06,8370,0.2554,1098.3581,25.2947
2025-02-12 06:07,8370,0.2554,1098.3581,25.2608
2025-02-12 06:08,8370,0.2554,1098.3581,25.2608
2025-02-12 06:09,8370,0.2554,1098.3581,25.2608
2025-02-12 06:10,8370,0.2554,1098.3581,25.2608
2025-02-12 06:11,8370,0.2554,1098.3581,25.2608
2025-02-12 06:12,8370,0.2554,1098.3581,25.2608
2025-02-12 06:13,8370,0.2554,1098.3581,25.2608
2025-02-12 06:14,8370,0.2554,1098.3581,25.2269
2025-02-12 06:15,8370,0.2554,1098.3581,25.2608
2025-02-12 06:16,8370,0.2554,1098.3581,25.2608
2025-02-12 06:17,8369,0.2554,1098.2269,25.2608
2025-02-12 06:18,8369,0.2554,1098.2269,25.2269
2025-02-12 06:19,8369,0.2554,1098.2269,25.2269
2025-02-12 06:20,8369,0.2554,1098.2269,25.2269
2025-02-12 06:21,8369,0.2554,1098.2269,25.2269
2025-02-12 06:22,8369,0.2554,1098.2269,25.2269
2025-02-12 06:23,8369,0.2554,1098.2269,25.2269
2025-02-12 06:24,8369,0.2554,1098.2269,25.2269
2025-02-12 06:25,8369,0.2554,1098.2269,25.2269
2025-02-12 06:26,8368,0.2554,1098.0957,25.2269
2025-02-12 06:27,8369,0.2554,1098.2269,25.1931
2025-02-12 06:28,8369,0.2554,1098.2269,25.2269
2025-02-12 06:29,8368,0.2554,1098.0957,25.2269
2025-02-12 06:30,8369,0.2554,1098.2269,25.1931
2025-02-12 06:31,8369,0.2554,1098.2269,25.1931
2025-02-12 06:32,8368,0.2554,1098.0957,25.1931
2025-02-12 06:33,8368,0.2554,1098.0957,25.1931
2025-02-12 06:34,8368,0.2554,1098.0957,25.1931
2025-02-12 06:35,8368,0.2554,1098.0957,25.1931
2025-02-12 06:36,8368,0.2554,1098.0957,25.2269
2025-02-12 06:37,8368,0.2554,1098.0957,25.1931
2025-02-12 06:38,8368,0.2554,1098.0957,25.1931
2025-02-12 06:39,8368,0.2554,1098.0957,25.1931
2025-02-12 06:40,8368,0.2554,1098.0957,25.1931
2025-02-12 06:41,8367,0.2553,1097.9644,25.1594
2025-02-12 06:42,8368,0.2554,1098.0957,25.1594
2025-02-12 06:43,8367,0.2553,1097.9644,25.1931
2025-02-12 06:44,8367,0.2553,1097.9644,25.1931
2025-02-12 06:45,8367,0.2553,1097.9644,25.1594
2025-02-12 06:46,8367,0.2553,1097.9644,25.1594
2025-02-12 06:47,8367,0.2553,1097.9644,25.1594
2025-02-12 06:48,8367,0.2553,1097.9644,25.1594
2025-02-12 06:49,8367,0.2553,1097.9644,25.1594
2025-02-12 06:50,8367,0.2553,1097.9644,25.1594
2025-02-12 06:51,8366,0.2553,1097.8332,25.1594
2025-02-12 06:52,8367,0.2553,1097.9644,25.1594
2025-02-12 06:53,8367,0.2553,1097.9644,25.1594
2025-02-12 06:54,8366,0.2553,1097.8332,25.1256
2025-02-12 06:55,8366,0.2553,1097.8332,25.1256
2025-02-12 06:56,8367,0.2553,1097.9644,25.1594
2025-02-12 06:57,8367,0.2553,1097.9644,25.1256
2025-02-12 06:58,8366,0.2553,1097.8332,25.1256
2025-02-12 06:59,8366,0.2553,1097.8332,25.1256
2025-02-12 07:00,8366,0.2553,1097.8332,25.1256
2025-02-12 07:01,8366,0.2553,1097.8332,25.1594
2025-02-12 07:02,8366,0.2553,1097.8332,25.1256
2025-02-12 07:03,8366,0.2553,1097.8332,25.1256
2025-02-12 07:04,8365,0.2553,1097.702,25.1256
2025-02-12 07:05,8366,0.2553,1097.8332,25.1256
2025-02-12 07:06,8366,0.2553,1097.8332,25.0917
2025-02-12 07:07,8366,0.2553,1097.8332,25.0917
2025-02-12 07:08,8365,0.2553,1097.702,25.0917
2025-02-12 07:09,8365,0.2553,1097.702,25.0917
2025-02-12 07:10,8365,0.2553,1097.702,25.0917
2025-02-12 07:11,8365,0.2553,1097.702,25.0917
2025-02-12 07:12,8365,0.2553,1097.702,25.0917
2025-02-12 07:13,8365,0.2553,1097.702,25.0917
2025-02-12 07:14,8365,0.2553,1097.702,25.0917
2025-02-12 07:15,8365,0.2553,1097.702,25.0917
2025-02-12 07:16,8365,0.2553,1097.702,25.0917
2025-02-12 07:17,8365,0.2553,1097.702,25.0917
2025-02-12 07:18,8365,0.2553,1097.702,25.0917
2025-02-12 07:19,8365,0.2553,1097.702,25.0917
2025-02-12 07:20,8365,0.2553,1097.702,25.0917
2025-02-12 07:21,8364,0.2552,1097.5708,25.0917
2025-02-12 07:22,8365,0.2553,1097.702,25.0578
2025-02-12 07:23,8365,0.2553,1097.702,25.0578
2025-02-12 07:24,8365,0.2553,1097.702,25.0578
2025-02-12 07:25,8364,0.2552,1097.5708,25.0578
2025-02-12 07:26,8364,0.2552,1097.5708,25.0578
2025-02-12 07:27,8364,0.2552,1097.5708,25.0578
2025-02-12 07:28,8364,0.2552,1097.5708,25.0578
2025-02-12 07:29,8364,0.2552,1097.5708,25.0578
2025-02-12 07:30,8364,0.2552,1097.5708,25.0917
2025-02-12 07:31,8364,0.2552,1097.5708,25.0578
2025-02-12 07:32,8364,0.2552,1097.5708,25.0578
2025-02-12 07:33,8365,0.2553,1097.702,25.0578
2025-02-12 07:34,8364,0.2552,1097.5708,25.0578
2025-02-12 07:35,8364,0.2552,1097.5708,25.0578
2025-02-12 07:36,8364,0.2552,1097.5708,25.0578
2025-02-12 07:37,8364,0.2552,1097.5708,25.0578
2025-02-12 07:38,8364,0.2552,1097.5708,25.0578
2025-02-12 07:39,8364,0.2552,1097.5708,25.0578
2025-02-12 07:40,8364,0.2552,1097.5708,25.0578
2025-02-12 07:41,8364,0.2552,1097.5708,25.024
2025-02-12 07:42,8364,0.2552,1097.5708,25.0578
2025-02-12 07:43,8364,0.2552,1097.5708,25.0578
2025-02-12 07:44,8364,0.2552,1097.5708,25.024
2025-02-12 07:45,8363,0.2552,1097.4395,25.0578
2025-02-12 07:46,8364,0.2552,1097.5708,25.0578
2025-02-12 07:47,8364,0.2552,1097.5708,25.0578
2025-02-12 07:48,8364,0.2552,1097.5708,25.0578
2025-02-12 07:49,8364,0.2552,1097.5708,25.024
2025-02-12 07:50,8364,0.2552,1097.5708,25.0578
2025-02-12 07:51,8363,0.2552,1097.4395,25.0578
2025-02-12 07:52,8364,0.2552,1097.5708,25.024
2025-02-12 07:53,8363,0.2552,1097.4395,25.0578
2025-02-12 07:54,8363,0.2552,1097.4395,25.024
2025-02-12 07:55,8363,0.2552,1097.4395,25.024
2025-02-12 07:56,8363,0.2552,1097.4395,25.024
2025-02-12 07:57,8363,0.2552,1097.4395,25.024
2025-02-12 07:58,8363,0.2552,1097.4395,25.024
2025-02-12 07:59,8363,0.2552,1097.4395,25.0578
2025-02-12 08:00,8363,0.2552,1097.4395,25.024
2025-02-12 08:01,8363,0.2552,1097.4395,25.024
2025-02-12 08:02,8363,0.2552,1097.4395,25.024
2025-02-12 08:03,8363,0.2552,1097.4395,25.024
2025-02-12 08:04,8363,0.2552,1097.4395,25.0578
2025-02-12 08:05,8363,0.2552,1097.4395,25.024
2025-02-12 08:06,8363,0.2552,1097.4395,25.024
2025-02-12 08:07,8363,0.2552,1097.4395,25.024
2025-02-12 08:08,8363,0.2552,1097.4395,25.024
2025-02-12 08:09,8363,0.2552,1097.4395,25.024
2025-02-12 08:10,8363,0.2552,1097.4395,25.024
2025-02-12 08:11,8363,0.2552,1097.4395,25.024
2025-02-12 08:12,8363,0.2552,1097.4395,25.024
2025-02-12 08:13,8363,0.2552,1097.4395,25.024
2025-02-12 08:14,8363,0.2552,1097.4395,25.024
2025-02-12 08:15,8363,0.2552,1097.4395,25.024
2025-02-12 08:16,8363,0.2552,1097.4395,25.0578
2025-02-12 08:17,8363,0.2552,1097.4395,25.024
2025-02-12 08:18,8363,0.2552,1097.4395,25.024
2025-02-12 08:19,8363,0.2552,1097.4395,25.024
2025-02-12 08:20,8363,0.2552,1097.4395,25.024
2025-02-12 08:21,8363,0.2552,1097.4395,25.0578
2025-02-12 08:22,8363,0.2552,1097.4395,25.024
2025-02-12 08:23,8363,0.2552,1097.4395,25.0578
2025-02-12 08:24,8363,0.2552,1097.4395,25.024
2025-02-12 08:25,8363,0.2552,1097.4395,25.0578
2025-02-12 08:26,8364,0.2552,1097.5708,25.0578
2025-02-12 08:27,8364,0.2552,1097.5708,25.0578
2025-02-12 08:28,8364,0.2552,1097.5708,25.0578
2025-02-12 08:29,8364,0.2552,1097.5708,25.0578
2025-02-12 08:30,8364,0.2552,1097.5708,25.0578
2025-02-12 08:31,8364,0.2552,1097.5708,25.0917
2025-02-12 08:32,8365,0.2553,1097.702,25.0917
2025-02-12 08:33,8365,0.2553,1097.702,25.0917
2025-02-12 08:34,8365,0.2553,1097.702,25.0917
2025-02-12 08:35,8365,0.2553,1097.702,25.0917
2025-02-12 08:36,8365,0.2553,1097.702,25.1256
2025-02-12 08:37,8366,0.2553,1097.8332,25.0917
2025-02-12 08:38,8366,0.2553,1097.8332,25.1256
2025-02-12 08:39,8366,0.2553,1097.8332,25.1256
2025-02-12 08:40,8366,0.2553,1097.8332,25.1594
2025-02-12 08:41,8367,0.2553,1097.9644,25.1594
2025-02-12 08:42,8367,0.2553,1097.9644,25.1594
2025-02-12 08:43,8368,0.2554,1098.0957,25.1931
2025-02-12 08:44,8368,0.2554,1098.0957,25.1931
2025-02-12 08:45,8369,0.2554,1098.2269,25.1931
2025-02-12 08:46,8369,0.2554,1098.2269,25.2269
2025-02-12 08:47,8370,0.2554,1098.3581,25.2608
2025-02-12 08:48,8370,0.2554,1098.3581,25.2608
2025-02-12 08:49,8371,0.2555,1098.4893,25.2947
2025-02-12 08:50,8372,0.2555,1098.6206,25.2947
2025-02-12 08:51,8372,0.2555,1098.6206,25.3624
2025-02-12 08:52,8373,0.2555,1098.7518,25.3624
2025-02-12 08:53,8375,0.2556,1099.0142,25.3961
2025-02-12 08:54,8375,0.2556,1099.0142,25.4299
2025-02-12 08:55,8376,0.2556,1099.1455,25.4638
2025-02-12 08:56,8376,0.2556,1099.1455,25.4977
2025-02-12 08:57,8378,0.2557,1099.4079,25.4977
2025-02-12 08:58,8378,0.2557,1099.4079,25.5313
2025-02-12 08:59,8378,0.2557,1099.4079,25.5652
2025-02-12 09:00,8379,0.2557,1099.5391,25.5991
2025-02-12 09:01,8380,0.2557,1099.6704,25.5991
2025-02-12 09:02,8380,0.2557,1099.6704,25.6329
2025-02-12 09:04,8381,0.2558,1099.8016,25.6329
2025-02-12 09:05,8382,0.2558,1099.9328,25.6668
2025-02-12 09:06,8383,0.2558,1100.064,25.7007
2025-02-12 09:07,8383,0.2558,1100.064,25.7007
2025-02-12 09:08,8384,0.2559,1100.1953,25.7345
2025-02-12 09:09,8385,0.2559,1100.3265,25.7345
2025-02-12 09:10,8385,0.2559,1100.3265,25.7682
2025-02-12 09:11,8385,0.2559,1100.3265,25.7682
2025-02-12 09:12,8385,0.2559,1100.3265,25.7682
2025-02-12 09:13,8385,0.2559,1100.3265,25.7682
2025-02-12 09:14,8385,0.2559,1100.3265,25.7682
2025-02-12 09:15,8386,0.2559,1100.4577,25.8021
2025-02-12 09:16,8386,0.2559,1100.4577,25.8021
2025-02-12 09:17,8386,0.2559,1100.4577,25.8021
2025-02-12 09:18,8386,0.2559,1100.4577,25.8021
2025-02-12 09:19,8386,0.2559,1100.4577,25.8021
2025-02-12 09:20,8386,0.2559,1100.4577,25.8021
2025-02-12 09:21,8387,0.256,1100.5889,25.8359
2025-02-12 09:22,8386,0.2559,1100.4577,25.8021
2025-02-12 09:23,8387,0.256,1100.5889,25.8359
2025-02-12 09:24,8387,0.256,1100.5889,25.8359
2025-02-12 09:25,8387,0.256,1100.5889,25.8359
2025-02-12 09:26,8387,0.256,1100.5889,25.8021
2025-02-12 09:27,8387,0.256,1100.5889,25.8359
2025-02-12 09:28,8387,0.256,1100.5889,25.8359
2025-02-12 09:29,8387,0.256,1100.5889,25.8359
2025-02-12 09:30,8387,0.256,1100.5889,25.8359
2025-02-12 09:31,8387,0.256,1100.5889,25.8359
2025-02-12 09:32,8387,0.256,1100.5889,25.8359
2025-02-12 09:33,8388,0.256,1100.7202,25.8359
2025-02-12 09:34,8387,0.256,1100.5889,25.8359
2025-02-12 09:35,8387,0.256,1100.5889,25.8359
2025-02-12 09:36,8387,0.256,1100.5889,25.8359
2025-02-12 09:37,8387,0.256,1100.5889,25.8359
2025-02-12 09:38,8387,0.256,1100.5889,25.8359
2025-02-12 09:39,8387,0.256,1100.5889,25.8359
2025-02-12 09:40,8387,0.256,1100.5889,25.8359
2025-02-12 09:41,8387,0.256,1100.5889,25.8359
2025-02-12 09:42,8387,0.256,1100.5889,25.8359
2025-02-12 09:43,8387,0.256,1100.5889,25.8359
2025-02-12 09:44,8387,0.256,1100.5889,25.8359
2025-02-12 09:45,8388,0.256,1100.7202,25.8698
