ts,TEMP1,TEMP2,TEMP3,TEMP4
2024-11-22 15:42:00.774,12.42,12.63,13.81,13.48
2024-11-22 15:42:03.505,12.37,12.57,13.81,13.46
2024-11-22 15:42:06.235,12.44,12.61,13.75,13.48
2024-11-22 15:42:08.965,12.46,12.59,13.79,13.45
2024-11-22 15:42:11.697,12.38,12.51,13.75,13.44
2024-11-22 15:42:14.427,12.35,12.56,13.77,13.41
2024-11-22 15:42:17.159,12.41,12.63,13.73,13.4
2024-11-22 15:42:19.892,12.41,12.52,13.66,13.38
2024-11-22 15:42:22.620,12.38,12.56,13.66,13.4
2024-11-22 15:42:25.351,12.34,12.52,13.72,13.34
2024-11-22 15:42:28.081,12.42,12.51,13.63,13.44
2024-11-22 15:42:30.814,12.46,12.56,13.66,13.38
2024-11-22 15:42:33.544,12.33,12.63,13.59,13.32
2024-11-22 15:42:36.276,12.35,12.48,13.59,13.31
2024-11-22 15:42:39.006,12.29,12.5,13.59,13.31
2024-11-22 15:42:41.737,12.24,12.52,13.55,13.34
2024-11-22 15:42:44.467,12.23,12.51,13.59,13.34
2024-11-22 15:42:47.197,12.23,12.44,13.55,13.36
2024-11-22 15:42:49.930,12.16,12.41,13.57,13.2
2024-11-22 15:42:52.663,12.24,12.45,13.55,13.23
2024-11-22 15:42:55.392,12.23,12.45,13.47,13.21
2024-11-22 15:42:58.128,12.13,12.44,13.59,13.27
2024-11-22 15:43:00.853,12.05,12.34,13.51,13.23
2024-11-22 15:43:03.584,12.12,12.34,13.45,13.27
2024-11-22 15:43:06.315,12.05,12.37,13.47,13.3
2024-11-22 15:43:09.046,12.09,12.37,13.45,13.27
2024-11-22 15:43:11.777,12.09,12.33,13.46,13.25
2024-11-22 15:43:14.507,12.08,12.33,13.51,13.21
2024-11-22 15:43:17.238,12.05,12.33,13.46,13.21
2024-11-22 15:43:19.968,11.99,12.3,13.51,13.25
2024-11-22 15:43:22.698,12.07,12.3,13.44,13.27
2024-11-22 15:43:25.429,12.07,12.35,13.49,13.21
2024-11-22 15:43:28.160,12.08,12.33,13.49,13.27
2024-11-22 15:43:30.891,12.07,12.3,13.53,13.27
2024-11-22 15:43:33.621,12.1,12.35,13.46,13.29
2024-11-22 15:43:36.352,12.02,12.34,13.46,13.31
2024-11-22 15:43:39.084,12.05,12.33,13.49,13.3
2024-11-22 15:43:41.813,12.03,12.29,13.46,13.32
2024-11-22 15:43:44.544,12.05,12.29,13.47,13.29
2024-11-22 15:43:47.276,12.01,12.29,13.47,13.27
2024-11-22 15:43:50.008,12.08,12.33,13.48,13.23
2024-11-22 15:43:52.737,12.05,12.29,13.49,13.25
2024-11-22 15:43:55.467,12.05,12.34,13.51,13.23
2024-11-22 15:43:58.197,12.05,12.34,13.51,13.32
2024-11-22 15:44:00.927,12.08,12.33,13.52,13.31
2024-11-22 15:44:03.658,11.98,12.3,13.52,13.27
2024-11-22 15:44:06.393,12.09,12.29,13.42,13.27
2024-11-22 15:44:09.121,12.05,12.31,13.45,13.27
2024-11-22 15:44:11.851,12.05,12.28,13.48,13.25
2024-11-22 15:44:14.582,12.03,12.25,13.41,13.25
2024-11-22 15:44:17.312,12.01,12.28,13.48,13.23
2024-11-22 15:44:20.042,12.08,12.29,13.42,13.23
2024-11-22 15:44:22.772,12.02,12.23,13.46,13.27
2024-11-22 15:44:25.503,12.07,12.28,13.48,13.31
2024-11-22 15:44:28.234,11.92,12.24,13.48,13.32
2024-11-22 15:44:30.964,11.96,12.2,13.48,13.34
2024-11-22 15:44:33.694,11.99,12.23,13.53,13.27
2024-11-22 15:44:36.424,11.93,12.27,13.41,13.25
2024-11-22 15:44:39.154,11.95,12.23,13.42,13.34
2024-11-22 15:44:41.884,11.95,12.22,13.41,13.34
2024-11-22 15:44:44.616,11.97,12.2,13.46,13.32
2024-11-22 15:44:47.347,11.97,12.2,13.44,13.25
2024-11-22 15:44:50.077,11.98,12.29,13.52,13.3
2024-11-22 15:44:52.810,11.97,12.24,13.45,13.27
2024-11-22 15:44:55.538,12.01,12.2,13.42,13.2
2024-11-22 15:44:58.268,11.92,12.2,13.41,13.29
2024-11-22 15:45:00.998,11.97,12.2,13.42,13.32
2024-11-22 15:45:03.729,11.98,12.22,13.41,13.25
2024-11-22 15:45:06.460,11.96,12.23,13.45,13.25
2024-11-22 15:45:09.190,11.97,12.2,13.38,13.25
2024-11-22 15:45:11.920,11.88,12.22,13.45,13.23
2024-11-22 15:45:14.649,11.96,12.13,13.45,13.25
2024-11-22 15:45:17.379,11.92,12.16,13.4,13.27
2024-11-22 15:45:20.109,11.99,12.22,13.45,13.3
2024-11-22 15:45:22.840,11.95,12.27,13.42,13.25
2024-11-22 15:45:25.570,11.92,12.22,13.44,13.31
2024-11-22 15:45:28.302,11.96,12.23,13.42,13.25
2024-11-22 15:45:31.031,11.93,12.2,13.4,13.31
2024-11-22 15:45:33.761,11.95,12.16,13.42,13.23
2024-11-22 15:45:36.492,11.93,12.22,13.45,13.25
2024-11-22 15:45:39.222,11.92,12.18,13.4,13.29
2024-11-22 15:45:41.954,11.92,12.2,13.38,13.23
2024-11-22 15:45:44.684,11.95,12.16,13.38,13.23
2024-11-22 15:45:47.414,11.93,12.16,13.48,13.27
2024-11-22 15:45:50.145,11.88,12.16,13.46,13.23
2024-11-22 15:45:52.875,11.93,12.18,13.4,13.23
2024-11-22 15:45:55.606,11.88,12.16,13.4,13.25
2024-11-22 15:45:58.336,11.96,12.16,13.4,13.23
2024-11-22 15:46:01.072,11.95,12.25,13.38,13.25
2024-11-22 15:46:03.799,11.91,12.14,13.47,13.23
2024-11-22 15:46:06.528,11.95,12.22,13.41,13.21
2024-11-22 15:46:09.260,11.95,12.16,13.45,13.23
2024-11-22 15:46:11.989,11.93,12.25,13.48,13.23
2024-11-22 15:46:14.718,11.95,12.18,13.49,13.25
2024-11-22 15:46:17.451,11.96,12.1,13.46,13.25
2024-11-22 15:46:20.180,11.96,12.2,13.51,13.3
2024-11-22 15:46:22.909,11.93,12.2,13.44,13.29
2024-11-22 15:46:25.639,11.92,12.23,13.49,13.27
2024-11-22 15:46:28.369,11.92,12.16,13.47,13.3
2024-11-22 15:46:31.099,11.97,12.2,13.51,13.29
2024-11-22 15:46:33.830,11.91,12.23,13.46,13.31
2024-11-22 15:46:36.560,11.99,12.24,13.51,13.31
2024-11-22 15:46:39.292,11.98,12.22,13.49,13.3
2024-11-22 15:46:42.021,11.99,12.28,13.48,13.32
2024-11-22 15:46:44.752,11.91,12.2,13.52,13.31
2024-11-22 15:46:47.481,11.98,12.18,13.41,13.27
2024-11-22 15:46:50.211,11.98,12.31,13.51,13.34
2024-11-22 15:46:52.942,12.02,12.25,13.46,13.32
2024-11-22 15:46:55.672,12.01,12.18,13.42,13.31
2024-11-22 15:46:58.402,11.96,12.23,13.51,13.3
2024-11-22 15:47:01.132,11.99,12.23,13.46,13.32
2024-11-22 15:47:03.862,11.95,12.18,13.42,13.29
2024-11-22 15:47:06.591,11.95,12.24,13.45,13.31
2024-11-22 15:47:09.323,11.95,12.25,13.45,13.3
2024-11-22 15:47:12.052,11.98,12.22,13.48,13.29
2024-11-22 15:47:14.781,11.96,12.18,13.46,13.31
2024-11-22 15:47:17.513,11.97,12.23,13.46,13.25
2024-11-22 15:47:20.242,11.95,12.23,13.42,13.36
2024-11-22 15:47:22.971,12.01,12.22,13.49,13.27
2024-11-22 15:47:25.703,11.9,12.28,13.41,13.27
2024-11-22 15:47:28.431,11.9,12.23,13.45,13.25
2024-11-22 15:47:31.160,12.05,12.22,13.51,13.27
2024-11-22 15:47:33.890,11.92,12.2,13.55,13.29
2024-11-22 15:47:36.621,12.02,12.23,13.42,13.34
2024-11-22 15:47:39.351,11.98,12.18,13.44,13.31
2024-11-22 15:47:42.081,11.98,12.25,13.42,13.34
2024-11-22 15:47:44.812,11.98,12.28,13.46,13.34
2024-11-22 15:47:47.540,11.99,12.24,13.47,13.38
2024-11-22 15:47:50.269,12.02,12.2,13.4,13.34
2024-11-22 15:47:52.999,12.01,12.2,13.41,13.27
2024-11-22 15:47:55.731,11.99,12.18,13.41,13.27
2024-11-22 15:47:58.460,11.95,12.16,13.38,13.29
2024-11-22 15:48:01.189,11.98,12.14,13.46,13.23
2024-11-22 15:48:03.919,11.97,12.23,13.45,13.3
2024-11-22 15:48:06.651,11.96,12.25,13.45,13.31
2024-11-22 15:48:09.379,11.96,12.27,13.44,13.31
2024-11-22 15:48:12.110,11.96,12.22,13.52,13.32
2024-11-22 15:48:14.840,11.95,12.24,13.46,13.34
2024-11-22 15:48:17.569,12.05,12.2,13.42,13.29
2024-11-22 15:48:20.300,12.02,12.24,13.38,13.36
2024-11-22 15:48:23.030,12.02,12.3,13.51,13.38
2024-11-22 15:48:25.760,12.05,12.23,13.48,13.31
2024-11-22 15:48:28.489,12.05,12.24,13.55,13.38
2024-11-22 15:48:31.219,12.02,12.25,13.48,13.34
2024-11-22 15:48:33.951,12.02,12.2,13.45,13.36
2024-11-22 15:48:36.680,12.05,12.25,13.55,13.36
2024-11-22 15:48:39.411,12.02,12.3,13.45,13.32
2024-11-22 15:48:42.140,12.05,12.27,13.42,13.38
2024-11-22 15:48:44.870,12.02,12.27,13.44,13.34
2024-11-22 15:48:47.600,12.01,12.2,13.53,13.32
2024-11-22 15:48:50.330,12.01,12.18,13.46,13.36
2024-11-22 15:48:53.065,11.99,12.23,13.45,13.34
2024-11-22 15:48:55.793,12.02,12.22,13.4,13.36
2024-11-22 15:48:58.522,11.99,12.29,13.46,13.32
2024-11-22 15:49:01.252,12.02,12.34,13.44,13.34
2024-11-22 15:49:03.981,12.02,12.31,13.41,13.32
2024-11-22 15:49:06.712,12.08,12.23,13.46,13.32
2024-11-22 15:49:09.442,11.97,12.24,13.44,13.27
2024-11-22 15:49:12.174,12.07,12.27,13.44,13.32
2024-11-22 15:49:14.902,12.03,12.29,13.4,13.32
2024-11-22 15:49:17.633,12.05,12.29,13.45,13.3
2024-11-22 15:49:20.363,12.01,12.24,13.46,13.27
2024-11-22 15:49:23.094,12.03,12.2,13.41,13.3
2024-11-22 15:49:25.824,12.01,12.22,13.45,13.34
2024-11-22 15:49:28.555,11.95,12.2,13.46,13.27
2024-11-22 15:49:31.287,11.98,12.2,13.4,13.31
2024-11-22 15:49:34.018,12.05,12.27,13.46,13.3
2024-11-22 15:49:36.749,12.03,12.29,13.46,13.27
2024-11-22 15:49:39.481,12.02,12.25,13.48,13.27
2024-11-22 15:49:42.211,12.02,12.29,13.42,13.3
2024-11-22 15:49:44.941,11.96,12.2,13.42,13.25
2024-11-22 15:49:47.672,11.99,12.23,13.41,13.27
2024-11-22 15:49:50.404,11.96,12.24,13.48,13.3
2024-11-22 15:49:53.133,11.96,12.2,13.46,13.3
2024-11-22 15:49:55.864,11.97,12.28,13.45,13.31
2024-11-22 15:49:58.594,12.02,12.25,13.41,13.29
2024-11-22 15:50:01.324,12.01,12.25,13.42,13.34
2024-11-22 15:50:04.053,12.02,12.24,13.45,13.21
2024-11-22 15:50:06.784,12.05,12.24,13.41,13.21
2024-11-22 15:50:09.514,12.05,12.25,13.47,13.27
2024-11-22 15:50:12.244,12.05,12.24,13.45,13.27
2024-11-22 15:50:14.974,12.02,12.23,13.46,13.25
2024-11-22 15:50:17.705,11.98,12.25,13.48,13.27
2024-11-22 15:50:20.435,12.05,12.2,13.51,13.27
2024-11-22 15:50:23.165,12.05,12.28,13.44,13.29
2024-11-22 15:50:25.895,12.05,12.2,13.47,13.34
2024-11-22 15:50:28.633,12.03,12.29,13.51,13.29
2024-11-22 15:50:31.357,12.09,12.23,13.45,13.25
2024-11-22 15:50:34.088,12.05,12.28,13.46,13.36
2024-11-22 15:50:36.818,12.1,12.28,13.51,13.32
2024-11-22 15:50:39.549,12.05,12.27,13.45,13.3
2024-11-22 15:50:42.278,12.13,12.3,13.45,13.31
2024-11-22 15:50:45.007,12.05,12.24,13.47,13.34
2024-11-22 15:50:47.741,12.03,12.34,13.51,13.34
2024-11-22 15:50:50.468,12.12,12.33,13.48,13.38
2024-11-22 15:50:53.199,12.1,12.3,13.53,13.34
2024-11-22 15:50:55.929,12.08,12.31,13.45,13.36
2024-11-22 15:50:58.659,12.14,12.27,13.51,13.34
2024-11-22 15:51:01.389,12.09,12.27,13.44,13.27
2024-11-22 15:51:04.121,12.05,12.27,13.49,13.32
2024-11-22 15:51:06.851,12.02,12.31,13.48,13.31
2024-11-22 15:51:09.580,12.14,12.28,13.49,13.34
2024-11-22 15:51:12.310,12.08,12.28,13.48,13.32
2024-11-22 15:51:15.041,12.12,12.22,13.45,13.31
2024-11-22 15:51:17.771,12.02,12.18,13.53,13.3
2024-11-22 15:51:20.502,12.03,12.29,13.52,13.3
2024-11-22 15:51:23.232,12.12,12.29,13.52,13.38
2024-11-22 15:51:25.963,12.13,12.33,13.51,13.32
2024-11-22 15:51:28.692,12.12,12.33,13.51,13.3
2024-11-22 15:51:31.423,12.05,12.25,13.46,13.34
2024-11-22 15:51:34.152,12.07,12.23,13.49,13.27
2024-11-22 15:51:36.883,12.1,12.29,13.52,13.31
2024-11-22 15:51:39.612,12.12,12.25,13.51,13.31
2024-11-22 15:51:42.343,12.05,12.2,13.51,13.31
2024-11-22 15:51:45.074,11.99,12.27,13.49,13.34
2024-11-22 15:51:47.803,12.07,12.33,13.51,13.25
2024-11-22 15:51:50.533,12.12,12.23,13.57,13.32
2024-11-22 15:51:53.263,12.05,12.24,13.52,13.32
2024-11-22 15:51:55.993,12.08,12.29,13.48,13.31
2024-11-22 15:51:58.725,12.1,12.3,13.55,13.31
2024-11-22 15:52:01.455,12.14,12.27,13.57,13.32
2024-11-22 15:52:04.187,12.03,12.22,13.51,13.27
2024-11-22 15:52:06.917,12.07,12.2,13.52,13.38
2024-11-22 15:52:09.647,12.09,12.25,13.57,13.29
2024-11-22 15:52:12.378,12.08,12.33,13.49,13.4
2024-11-22 15:52:15.108,12.07,12.3,13.55,13.3
2024-11-22 15:52:17.839,12.08,12.2,13.55,13.38
2024-11-22 15:52:20.569,12.02,12.22,13.58,13.32
2024-11-22 15:52:23.302,12.08,12.28,13.52,13.32
2024-11-22 15:52:26.031,12.08,12.25,13.51,13.36
2024-11-22 15:52:28.761,12.05,12.24,13.46,13.31
2024-11-22 15:52:31.491,12.12,12.28,13.58,13.31
2024-11-22 15:52:34.222,12.08,12.24,13.49,13.27
2024-11-22 15:52:36.952,12.08,12.24,13.52,13.29
2024-11-22 15:52:39.683,12.12,12.24,13.53,13.25
2024-11-22 15:52:42.414,12.07,12.25,13.52,13.27
2024-11-22 15:52:45.146,12.1,12.25,13.52,13.34
2024-11-22 15:52:47.875,11.99,12.28,13.59,13.27
2024-11-22 15:52:50.605,12.05,12.24,13.48,13.34
2024-11-22 15:52:53.337,12.05,12.24,13.58,13.36
2024-11-22 15:52:56.067,12.08,12.25,13.49,13.34
2024-11-22 15:52:58.799,12.1,12.27,13.58,13.34
2024-11-22 15:53:01.529,12.07,12.25,13.57,13.27
2024-11-22 15:53:04.259,12.01,12.28,13.57,13.32
2024-11-22 15:53:06.989,12.05,12.25,13.47,13.36
2024-11-22 15:53:09.721,12.02,12.25,13.55,13.34
2024-11-22 15:53:12.450,12.02,12.3,13.49,13.27
2024-11-22 15:53:15.181,12.09,12.3,13.52,13.32
2024-11-22 15:53:17.911,12.12,12.3,13.53,13.38
2024-11-22 15:53:20.643,12.09,12.28,13.53,13.36
2024-11-22 15:53:23.374,12.08,12.29,13.52,13.34
2024-11-22 15:53:26.105,12.05,12.27,13.52,13.31
2024-11-22 15:53:28.834,12.09,12.34,13.52,13.32
2024-11-22 15:53:31.564,12.14,12.31,13.55,13.34
2024-11-22 15:53:34.294,12.23,12.35,13.57,13.38
2024-11-22 15:53:37.023,12.2,12.48,13.55,13.46
2024-11-22 15:53:39.756,12.3,12.59,13.58,13.49
2024-11-22 15:53:42.485,12.35,12.59,13.66,13.61
2024-11-22 15:53:45.215,12.44,12.76,13.72,13.7
2024-11-22 15:53:47.948,12.48,12.83,13.73,13.7
2024-11-22 15:53:50.676,12.59,13.02,13.81,13.78
2024-11-22 15:53:53.406,12.71,13.15,13.91,13.9
2024-11-22 15:53:56.136,12.91,13.34,14.03,14.05
2024-11-22 15:53:58.868,13.14,13.51,14.11,14.13
2024-11-22 15:54:01.598,13.2,13.61,14.22,14.3
2024-11-22 15:54:04.328,13.38,13.81,14.3,14.41
2024-11-22 15:54:07.058,13.51,13.96,14.37,14.58
2024-11-22 15:54:09.788,13.72,14.17,14.48,14.67
2024-11-22 15:54:12.519,13.88,14.34,14.58,14.8
2024-11-22 15:54:15.249,14.02,14.52,14.73,15.04
2024-11-22 15:54:17.982,14.17,14.67,14.84,15.1
2024-11-22 15:54:20.711,14.41,14.86,15.02,15.32
2024-11-22 15:54:23.441,14.55,14.97,15.2,15.47
2024-11-22 15:54:26.172,14.78,15.06,15.27,15.59
2024-11-22 15:54:28.902,14.92,15.26,15.41,15.8
2024-11-22 15:54:31.633,15.1,15.45,15.48,15.84
2024-11-22 15:54:34.364,15.25,15.53,15.62,16.08
2024-11-22 15:54:37.095,15.47,15.68,15.77,16.22
2024-11-22 15:54:39.825,15.62,15.9,15.95,16.36
2024-11-22 15:54:42.556,15.79,16.03,16.07,16.51
2024-11-22 15:54:45.286,15.94,16.19,16.14,16.55
2024-11-22 15:54:48.019,16.11,16.25,16.25,16.77
2024-11-22 15:54:50.749,16.27,16.41,16.44,16.91
2024-11-22 15:54:53.477,16.36,16.55,16.58,17.14
2024-11-22 15:54:56.210,16.53,16.7,16.73,17.24
2024-11-22 15:54:58.942,16.7,16.81,16.89,17.37
2024-11-22 15:55:01.670,16.89,16.86,16.96,17.55
2024-11-22 15:55:04.400,17.0,17.03,17.09,17.67
2024-11-22 15:55:07.130,17.12,17.14,17.25,17.79
2024-11-22 15:55:09.861,17.29,17.31,17.41,17.98
2024-11-22 15:55:12.591,17.38,17.39,17.51,18.13
2024-11-22 15:55:15.324,17.52,17.57,17.61,18.29
2024-11-22 15:55:18.055,17.59,17.63,17.7,18.38
2024-11-22 15:55:20.786,17.73,17.73,17.85,18.51
2024-11-22 15:55:23.517,17.89,17.9,17.94,18.63
2024-11-22 15:55:26.248,17.94,17.95,18.09,18.75
2024-11-22 15:55:28.979,18.11,18.0,18.27,18.8
2024-11-22 15:55:31.710,18.13,18.14,18.34,19.02
2024-11-22 15:55:34.443,18.29,18.27,18.4,19.01
2024-11-22 15:55:37.173,18.38,18.3,18.55,19.09
2024-11-22 15:55:39.904,18.49,18.4,18.55,19.13
2024-11-22 15:55:42.633,18.63,18.48,18.69,19.23
2024-11-22 15:55:45.363,18.63,18.55,18.81,19.38
2024-11-22 15:55:48.094,18.77,18.62,18.86,19.47
2024-11-22 15:55:50.825,18.81,18.66,18.91,19.54
2024-11-22 15:55:53.557,18.92,18.73,19.04,19.64
2024-11-22 15:55:56.289,18.98,18.82,19.09,19.72
2024-11-22 15:55:59.020,19.02,18.95,19.25,19.84
2024-11-22 15:56:01.750,19.15,18.95,19.38,19.98
2024-11-22 15:56:04.480,19.2,19.1,19.4,20.02
2024-11-22 15:56:07.210,19.28,19.14,19.45,20.04
2024-11-22 15:56:09.939,19.4,19.21,19.56,20.08
2024-11-22 15:56:12.672,19.43,19.28,19.71,20.2
2024-11-22 15:56:15.402,19.51,19.34,19.72,20.34
2024-11-22 15:56:18.133,19.52,19.37,19.8,20.39
2024-11-22 15:56:20.863,19.6,19.45,19.86,20.5
2024-11-22 15:56:23.595,19.64,19.47,19.94,20.45
2024-11-22 15:56:26.328,19.73,19.58,20.02,20.53
2024-11-22 15:56:29.056,19.76,19.6,20.13,20.63
2024-11-22 15:56:31.790,19.84,19.72,20.16,20.66
2024-11-22 15:56:34.521,19.84,19.75,20.2,20.74
2024-11-22 15:56:37.251,19.95,19.73,20.23,20.77
2024-11-22 15:56:39.981,19.95,19.82,20.31,20.88
2024-11-22 15:56:42.713,20.02,19.84,20.38,21.02
2024-11-22 15:56:45.443,20.0,19.94,20.43,20.98
2024-11-22 15:56:48.175,20.1,19.96,20.47,21.01
2024-11-22 15:56:50.906,20.16,19.94,20.53,21.08
2024-11-22 15:56:53.638,20.16,20.08,20.51,21.06
2024-11-22 15:56:56.368,20.22,20.05,20.63,21.08
2024-11-22 15:56:59.099,20.22,20.13,20.61,21.13
2024-11-22 15:57:01.829,20.24,20.11,20.77,21.19
2024-11-22 15:57:04.562,20.28,20.2,20.74,21.2
2024-11-22 15:57:07.291,20.37,20.24,20.85,21.3
2024-11-22 15:57:10.025,20.37,20.26,20.79,21.33
2024-11-22 15:57:12.755,20.38,20.24,20.84,21.29
2024-11-22 15:57:15.486,20.5,20.33,20.92,21.36
2024-11-22 15:57:18.217,20.44,20.33,20.95,21.45
2024-11-22 15:57:20.948,20.44,20.38,21.03,21.47
2024-11-22 15:57:23.679,20.5,20.43,21.05,21.47
2024-11-22 15:57:26.410,20.51,20.43,21.16,21.54
2024-11-22 15:57:29.142,20.55,20.44,21.13,21.58
2024-11-22 15:57:31.873,20.55,20.57,21.21,21.56
2024-11-22 15:57:34.604,20.61,20.5,21.23,21.62
2024-11-22 15:57:37.336,20.66,20.59,21.25,21.65
2024-11-22 15:57:40.067,20.62,20.64,21.31,21.65
2024-11-22 15:57:42.796,20.64,20.59,21.31,21.66
2024-11-22 15:57:45.526,20.72,20.68,21.3,21.74
2024-11-22 15:57:48.258,20.7,20.7,21.34,21.79
2024-11-22 15:57:50.989,20.75,20.7,21.38,21.68
2024-11-22 15:57:53.718,20.8,20.73,21.45,21.73
2024-11-22 15:57:56.449,20.8,20.77,21.44,21.72
2024-11-22 15:57:59.180,20.82,20.73,21.52,21.8
2024-11-22 15:58:01.911,20.8,20.72,21.5,21.79
2024-11-22 15:58:04.640,20.77,20.82,21.48,21.9
2024-11-22 15:58:07.373,20.85,20.8,21.6,21.83
2024-11-22 15:58:10.103,20.82,20.85,21.6,21.92
2024-11-22 15:58:12.834,20.81,20.88,21.56,21.96
2024-11-22 15:58:15.567,20.91,20.86,21.65,21.92
2024-11-22 15:58:18.296,20.94,20.86,21.63,21.98
2024-11-22 15:58:21.027,20.94,20.94,21.74,21.95
2024-11-22 15:58:23.757,20.94,20.92,21.7,22.01
2024-11-22 15:58:26.489,20.95,20.92,21.74,21.99
2024-11-22 15:58:29.219,20.94,20.99,21.81,22.05
2024-11-22 15:58:31.949,20.95,20.94,21.77,21.99
2024-11-22 15:58:34.679,20.92,20.99,21.77,22.08
2024-11-22 15:58:37.410,20.97,20.97,21.87,22.09
2024-11-22 15:58:40.143,20.94,21.05,21.81,22.05
2024-11-22 15:58:42.871,21.01,21.1,21.79,22.05
2024-11-22 15:58:45.602,21.04,21.02,21.85,22.09
2024-11-22 15:58:48.332,20.97,21.06,21.85,22.11
2024-11-22 15:58:51.062,21.01,21.04,21.94,22.12
2024-11-22 15:58:53.792,21.01,21.1,21.92,22.14
2024-11-22 15:58:56.521,21.09,21.09,21.88,22.16
2024-11-22 15:58:59.251,21.04,21.09,21.92,22.18
2024-11-22 15:59:01.981,21.04,21.1,21.95,22.18
2024-11-22 15:59:04.713,21.12,21.15,21.99,22.18
2024-11-22 15:59:07.442,21.03,21.13,22.05,22.19
2024-11-22 15:59:10.171,21.08,21.16,22.07,22.21
2024-11-22 15:59:12.901,21.12,21.21,22.01,22.19
2024-11-22 15:59:15.631,21.12,21.16,22.03,22.29
2024-11-22 15:59:18.361,21.19,21.16,21.99,22.34
2024-11-22 15:59:21.093,21.2,21.23,22.08,22.26
2024-11-22 15:59:23.828,21.14,21.23,22.08,22.31
2024-11-22 15:59:26.555,21.2,21.2,22.12,22.34
2024-11-22 15:59:29.286,21.23,21.16,22.08,22.37
2024-11-22 15:59:32.016,21.17,21.23,22.13,22.34
2024-11-22 15:59:34.750,21.2,21.23,22.09,22.26
2024-11-22 15:59:37.475,21.21,21.3,22.09,22.32
2024-11-22 15:59:40.205,21.2,21.23,22.18,22.3
2024-11-22 15:59:42.936,21.15,21.26,22.2,22.27
2024-11-22 15:59:45.666,21.16,21.26,22.11,22.34
2024-11-22 15:59:48.397,21.17,21.2,22.18,22.26
2024-11-22 15:59:51.126,21.21,21.23,22.11,22.29
2024-11-22 15:59:53.856,21.23,21.29,22.14,22.34
2024-11-22 15:59:56.586,21.21,21.31,22.14,22.34
2024-11-22 15:59:59.316,21.23,21.26,22.2,22.27
2024-11-22 16:00:02.048,21.23,21.27,22.13,22.34
2024-11-22 16:00:04.778,21.2,21.33,22.21,22.34
2024-11-22 16:00:07.511,21.25,21.26,22.2,22.27
2024-11-22 16:00:10.241,21.19,21.3,22.16,22.38
2024-11-22 16:00:12.972,21.17,21.19,22.2,22.36
2024-11-22 16:00:15.700,21.21,21.3,22.19,22.3
2024-11-22 16:00:18.432,21.2,21.32,22.16,22.3
2024-11-22 16:00:21.161,21.2,21.29,22.16,22.29
2024-11-22 16:00:23.890,21.2,21.3,22.21,22.34
2024-11-22 16:00:26.619,21.15,21.27,22.2,22.34
2024-11-22 16:00:29.348,21.23,21.26,22.2,22.37
2024-11-22 16:00:32.077,21.17,21.31,22.23,22.37
2024-11-22 16:00:34.812,21.27,21.3,22.25,22.37
2024-11-22 16:00:37.537,21.25,21.32,22.27,22.37
2024-11-22 16:00:40.267,21.23,21.32,22.25,22.43
2024-11-22 16:00:42.997,21.23,21.32,22.2,22.32
2024-11-22 16:00:45.727,21.29,21.32,22.3,22.32
2024-11-22 16:00:48.457,21.2,21.41,22.27,22.34
2024-11-22 16:00:51.187,21.23,21.3,22.26,22.37
2024-11-22 16:00:53.916,21.26,21.38,22.23,22.41
2024-11-22 16:00:56.646,21.21,21.33,22.29,22.4
2024-11-22 16:00:59.378,21.3,21.32,22.31,22.36
2024-11-22 16:01:02.106,21.33,21.37,22.34,22.43
2024-11-22 16:01:04.836,21.25,21.34,22.27,22.41
2024-11-22 16:01:07.566,21.26,21.41,22.34,22.42
2024-11-22 16:01:10.298,21.23,21.41,22.34,22.36
2024-11-22 16:01:13.026,21.27,21.43,22.36,22.41
2024-11-22 16:01:15.755,21.2,21.39,22.31,22.44
2024-11-22 16:01:18.488,21.25,21.39,22.36,22.4
2024-11-22 16:01:21.217,21.25,21.43,22.27,22.45
2024-11-22 16:01:23.948,21.25,21.33,22.41,22.45
2024-11-22 16:01:26.678,21.23,21.41,22.4,22.5
2024-11-22 16:01:29.408,21.27,21.32,22.34,22.58
2024-11-22 16:01:32.138,21.27,21.37,22.34,22.48
2024-11-22 16:01:34.868,21.29,21.41,22.4,22.52
2024-11-22 16:01:37.600,21.29,21.39,22.37,22.5
2024-11-22 16:01:40.331,21.26,21.43,22.41,22.49
2024-11-22 16:01:43.062,21.25,21.41,22.34,22.52
2024-11-22 16:01:45.792,21.3,21.38,22.41,22.52
2024-11-22 16:01:48.523,21.32,21.36,22.4,22.47
2024-11-22 16:01:51.253,21.26,21.44,22.44,22.48
2024-11-22 16:01:53.984,21.32,21.43,22.47,22.54
2024-11-22 16:01:56.715,21.25,21.37,22.43,22.49
2024-11-22 16:01:59.445,21.31,21.41,22.43,22.48
2024-11-22 16:02:02.175,21.32,21.43,22.43,22.49
2024-11-22 16:02:04.905,21.27,21.44,22.41,22.44
2024-11-22 16:02:07.634,21.32,21.41,22.4,22.52
2024-11-22 16:02:10.365,21.37,21.41,22.45,22.43
2024-11-22 16:02:13.095,21.33,21.43,22.41,22.47
2024-11-22 16:02:15.827,21.33,21.37,22.34,22.5
2024-11-22 16:02:18.557,21.25,21.41,22.45,22.48
2024-11-22 16:02:21.288,21.37,21.44,22.45,22.49
2024-11-22 16:02:24.018,21.37,21.44,22.44,22.43
2024-11-22 16:02:26.749,21.32,21.44,22.43,22.47
2024-11-22 16:02:29.479,21.3,21.47,22.42,22.48
2024-11-22 16:02:32.211,21.32,21.43,22.44,22.44
2024-11-22 16:02:34.939,21.33,21.43,22.4,22.49
2024-11-22 16:02:37.668,21.32,21.41,22.42,22.5
2024-11-22 16:02:40.398,21.33,21.43,22.42,22.49
2024-11-22 16:02:43.127,21.37,21.48,22.45,22.49
2024-11-22 16:02:45.858,21.36,21.41,22.47,22.5
2024-11-22 16:02:48.588,21.38,21.41,22.45,22.52
2024-11-22 16:02:51.318,21.34,21.49,22.45,22.48
2024-11-22 16:02:54.049,21.33,21.39,22.44,22.52
2024-11-22 16:02:56.779,21.38,21.45,22.41,22.5
2024-11-22 16:02:59.508,21.38,21.41,22.48,22.5
2024-11-22 16:03:02.238,21.32,21.43,22.45,22.56
2024-11-22 16:03:04.968,21.32,21.48,22.45,22.6
2024-11-22 16:03:07.698,21.34,21.43,22.41,22.59
2024-11-22 16:03:10.428,21.38,21.37,22.52,22.61
2024-11-22 16:03:13.161,21.33,21.44,22.38,22.59
2024-11-22 16:03:15.892,21.37,21.44,22.47,22.58
2024-11-22 16:03:18.621,21.37,21.48,22.45,22.52
2024-11-22 16:03:21.352,21.31,21.48,22.52,22.54
2024-11-22 16:03:24.083,21.32,21.45,22.5,22.61
2024-11-22 16:03:26.813,21.38,21.38,22.44,22.59
2024-11-22 16:03:29.543,21.33,21.44,22.52,22.61
2024-11-22 16:03:32.277,21.27,21.43,22.45,22.63
2024-11-22 16:03:35.007,21.29,21.43,22.5,22.56
2024-11-22 16:03:37.737,21.34,21.47,22.45,22.58
2024-11-22 16:03:40.468,21.36,21.41,22.55,22.59
2024-11-22 16:03:43.198,21.36,21.41,22.45,22.54
2024-11-22 16:03:45.928,21.33,21.43,22.42,22.58
2024-11-22 16:03:48.660,21.34,21.45,22.54,22.61
2024-11-22 16:03:51.390,21.31,21.38,22.49,22.63
2024-11-22 16:03:54.120,21.34,21.47,22.42,22.54
2024-11-22 16:03:56.851,21.33,21.41,22.47,22.52
2024-11-22 16:03:59.580,21.34,21.41,22.54,22.48
2024-11-22 16:04:02.310,21.39,21.43,22.49,22.58
2024-11-22 16:04:05.040,21.3,21.44,22.5,22.52
2024-11-22 16:04:07.769,21.31,21.45,22.5,22.58
2024-11-22 16:04:10.506,21.36,21.48,22.49,22.49
2024-11-22 16:04:13.233,21.36,21.48,22.52,22.52
2024-11-22 16:04:15.959,21.41,21.45,22.52,22.5
2024-11-22 16:04:18.689,21.32,21.5,22.52,22.55
2024-11-22 16:04:21.419,21.37,21.47,22.49,22.56
2024-11-22 16:04:24.149,21.37,21.48,22.52,22.59
2024-11-22 16:04:26.879,21.34,21.47,22.54,22.52
2024-11-22 16:04:29.610,21.38,21.41,22.54,22.55
2024-11-22 16:04:32.340,21.36,21.43,22.45,22.56
2024-11-22 16:04:35.070,21.38,21.47,22.55,22.59
2024-11-22 16:04:37.800,21.37,21.5,22.56,22.54
2024-11-22 16:04:40.531,21.3,21.5,22.55,22.58
2024-11-22 16:04:43.261,21.33,21.43,22.55,22.6
2024-11-22 16:04:45.992,21.37,21.45,22.58,22.65
2024-11-22 16:04:48.722,21.36,21.47,22.54,22.65
2024-11-22 16:04:51.452,21.43,21.49,22.5,22.6
2024-11-22 16:04:54.182,21.31,21.49,22.52,22.55
2024-11-22 16:04:56.912,21.41,21.45,22.47,22.61
2024-11-22 16:04:59.642,21.38,21.47,22.49,22.6
2024-11-22 16:05:02.373,21.36,21.43,22.54,22.55
2024-11-22 16:05:05.102,21.37,21.45,22.49,22.61
2024-11-22 16:05:07.834,21.38,21.48,22.49,22.55
2024-11-22 16:05:10.565,21.41,21.52,22.49,22.55
2024-11-22 16:05:13.295,21.38,21.47,22.5,22.56
2024-11-22 16:05:16.026,21.43,21.49,22.54,22.54
2024-11-22 16:05:18.755,21.43,21.54,22.54,22.5
2024-11-22 16:05:21.484,21.38,21.5,22.59,22.47
2024-11-22 16:05:24.214,21.44,21.45,22.5,22.56
2024-11-22 16:05:26.946,21.37,21.5,22.58,22.52
2024-11-22 16:05:29.676,21.45,21.56,22.48,22.54
2024-11-22 16:05:32.406,21.41,21.5,22.54,22.63
2024-11-22 16:05:35.136,21.36,21.47,22.49,22.52
2024-11-22 16:05:37.866,21.34,21.54,22.59,22.55
2024-11-22 16:05:40.598,21.41,21.45,22.52,22.5
2024-11-22 16:05:43.328,21.33,21.44,22.54,22.54
2024-11-22 16:05:46.061,21.37,21.45,22.52,22.54
2024-11-22 16:05:48.790,21.41,21.54,22.52,22.54
2024-11-22 16:05:51.519,21.38,21.48,22.52,22.54
2024-11-22 16:05:54.249,21.39,21.48,22.58,22.56
2024-11-22 16:05:56.979,21.38,21.52,22.52,22.6
2024-11-22 16:05:59.709,21.34,21.5,22.52,22.61
2024-11-22 16:06:02.439,21.33,21.48,22.49,22.61
2024-11-22 16:06:05.171,21.38,21.56,22.52,22.54
2024-11-22 16:06:07.901,21.38,21.43,22.52,22.58
2024-11-22 16:06:10.631,21.31,21.55,22.52,22.58
2024-11-22 16:06:13.361,21.41,21.5,22.52,22.54
2024-11-22 16:06:16.091,21.38,21.48,22.52,22.6
2024-11-22 16:06:18.820,21.38,21.45,22.52,22.52
2024-11-22 16:06:21.551,21.31,21.43,22.49,22.61
2024-11-22 16:06:24.285,21.36,21.45,22.55,22.55
2024-11-22 16:06:27.015,21.38,21.47,22.52,22.52
2024-11-22 16:06:29.744,21.38,21.45,22.55,22.5
2024-11-22 16:06:32.475,21.38,21.52,22.54,22.55
2024-11-22 16:06:35.204,21.34,21.56,22.52,22.58
2024-11-22 16:06:37.933,21.38,21.43,22.52,22.52
2024-11-22 16:06:40.663,21.33,21.43,22.5,22.58
2024-11-22 16:06:43.396,21.41,21.48,22.52,22.59
2024-11-22 16:06:46.125,21.33,21.45,22.55,22.58
2024-11-22 16:06:48.855,21.36,21.48,22.5,22.56
2024-11-22 16:06:51.585,21.3,21.44,22.52,22.65
2024-11-22 16:06:54.315,21.38,21.49,22.54,22.58
2024-11-22 16:06:57.045,21.36,21.49,22.56,22.63
2024-11-22 16:06:59.775,21.32,21.47,22.52,22.61
2024-11-22 16:07:02.508,21.32,21.47,22.47,22.63
2024-11-22 16:07:05.238,21.34,21.48,22.5,22.52
2024-11-22 16:07:07.968,21.3,21.49,22.49,22.61
2024-11-22 16:07:10.698,21.34,21.47,22.54,22.59
2024-11-22 16:07:13.429,21.32,21.47,22.5,22.61
2024-11-22 16:07:16.160,21.34,21.55,22.47,22.63
2024-11-22 16:07:18.890,21.3,21.5,22.47,22.59
2024-11-22 16:07:21.621,21.36,21.45,22.49,22.63
2024-11-22 16:07:24.350,21.34,21.41,22.5,22.63
2024-11-22 16:07:27.081,21.39,21.5,22.45,22.63
2024-11-22 16:07:29.811,21.3,21.47,22.52,22.63
2024-11-22 16:07:32.543,21.34,21.52,22.54,22.7
2024-11-22 16:07:35.271,21.37,21.5,22.55,22.67
2024-11-22 16:07:38.000,21.41,21.48,22.52,22.69
2024-11-22 16:07:40.732,21.38,21.49,22.59,22.6
2024-11-22 16:07:43.461,21.47,21.52,22.59,22.63
2024-11-22 16:07:46.191,21.48,21.52,22.54,22.61
2024-11-22 16:07:48.920,21.49,21.54,22.52,22.61
2024-11-22 16:07:51.649,21.5,21.52,22.55,22.6
2024-11-22 16:07:54.379,21.44,21.59,22.54,22.58
2024-11-22 16:07:57.109,21.39,21.49,22.5,22.56
2024-11-22 16:07:59.841,21.38,21.47,22.44,22.48
2024-11-22 16:08:02.570,21.44,21.5,22.52,22.5
2024-11-22 16:08:05.300,21.43,21.49,22.49,22.48
2024-11-22 16:08:08.031,21.41,21.47,22.47,22.58
2024-11-22 16:08:10.761,21.47,21.43,22.5,22.52
2024-11-22 16:08:13.491,21.34,21.49,22.52,22.6
2024-11-22 16:08:16.221,21.37,21.43,22.52,22.5
2024-11-22 16:08:18.953,21.38,21.47,22.49,22.48
2024-11-22 16:08:21.682,21.34,21.43,22.44,22.54
2024-11-22 16:08:24.413,21.34,21.48,22.49,22.52
2024-11-22 16:08:27.143,21.37,21.5,22.52,22.55
2024-11-22 16:08:29.873,21.32,21.45,22.5,22.49
2024-11-22 16:08:32.603,21.37,21.43,22.49,22.52
2024-11-22 16:08:35.333,21.41,21.43,22.47,22.52
2024-11-22 16:08:38.065,21.43,21.5,22.45,22.45
2024-11-22 16:08:40.794,21.37,21.47,22.44,22.47
2024-11-22 16:08:43.525,21.37,21.48,22.48,22.45
2024-11-22 16:08:46.255,21.36,21.48,22.47,22.44
2024-11-22 16:08:48.985,21.44,21.48,22.49,22.49
2024-11-22 16:08:51.715,21.29,21.45,22.49,22.45
2024-11-22 16:08:54.445,21.33,21.54,22.49,22.44
2024-11-22 16:08:57.176,21.37,21.48,22.48,22.45
2024-11-22 16:08:59.906,21.34,21.41,22.45,22.5
2024-11-22 16:09:02.637,21.43,21.43,22.47,22.48
2024-11-22 16:09:05.367,21.39,21.44,22.45,22.48
2024-11-22 16:09:08.097,21.37,21.45,22.49,22.52
2024-11-22 16:09:10.828,21.41,21.52,22.47,22.47
2024-11-22 16:09:13.558,21.36,21.47,22.45,22.47
2024-11-22 16:09:16.291,21.34,21.47,22.44,22.49
2024-11-22 16:09:19.021,21.41,21.47,22.54,22.58
2024-11-22 16:09:21.751,21.39,21.45,22.47,22.52
2024-11-22 16:09:24.481,21.37,21.54,22.44,22.61
2024-11-22 16:09:27.210,21.37,21.48,22.49,22.54
2024-11-22 16:09:29.939,21.34,21.52,22.48,22.52
2024-11-22 16:09:32.670,21.32,21.5,22.49,22.54
2024-11-22 16:09:35.401,21.37,21.5,22.45,22.54
2024-11-22 16:09:38.131,21.37,21.49,22.52,22.58
2024-11-22 16:09:40.862,21.44,21.55,22.49,22.59
2024-11-22 16:09:43.593,21.32,21.5,22.52,22.54
2024-11-22 16:09:46.323,21.36,21.45,22.48,22.52
2024-11-22 16:09:49.055,21.36,21.43,22.43,22.55
2024-11-22 16:09:51.782,21.37,21.44,22.5,22.67
2024-11-22 16:09:54.513,21.34,21.48,22.49,22.56
2024-11-22 16:09:57.243,21.41,21.45,22.52,22.59
2024-11-22 16:09:59.973,21.43,21.48,22.48,22.66
2024-11-22 16:10:02.703,21.38,21.45,22.52,22.54
2024-11-22 16:10:05.435,21.37,21.44,22.52,22.56
2024-11-22 16:10:08.164,21.39,21.5,22.52,22.55
2024-11-22 16:10:10.895,21.36,21.47,22.54,22.55
2024-11-22 16:10:13.626,21.38,21.54,22.56,22.5
2024-11-22 16:10:16.356,21.38,21.49,22.44,22.55
2024-11-22 16:10:19.087,21.41,21.5,22.52,22.59
2024-11-22 16:10:21.818,21.41,21.49,22.55,22.56
2024-11-22 16:10:24.549,21.38,21.49,22.6,22.59
2024-11-22 16:10:27.279,21.38,21.45,22.52,22.58
2024-11-22 16:10:30.009,21.41,21.49,22.55,22.6
2024-11-22 16:10:32.741,21.41,21.52,22.45,22.6
2024-11-22 16:10:35.471,21.43,21.49,22.52,22.55
2024-11-22 16:10:38.201,21.36,21.49,22.5,22.58
2024-11-22 16:10:40.930,21.37,21.52,22.56,22.63
2024-11-22 16:10:43.660,21.41,21.47,22.58,22.69
2024-11-22 16:10:46.390,21.41,21.45,22.5,22.63
2024-11-22 16:10:49.121,21.39,21.5,22.5,22.61
2024-11-22 16:10:51.852,21.41,21.45,22.48,22.61
2024-11-22 16:10:54.583,21.41,21.5,22.52,22.63
2024-11-22 16:10:57.312,21.38,21.41,22.43,22.52
2024-11-22 16:11:00.042,21.41,21.52,22.52,22.54
2024-11-22 16:11:02.771,21.37,21.56,22.56,22.59
2024-11-22 16:11:05.501,21.41,21.52,22.56,22.63
2024-11-22 16:11:08.231,21.37,21.45,22.56,22.58
2024-11-22 16:11:10.964,21.45,21.48,22.56,22.61
2024-11-22 16:11:13.694,21.33,21.52,22.61,22.58
2024-11-22 16:11:16.423,21.38,21.52,22.6,22.56
2024-11-22 16:11:19.152,21.37,21.52,22.49,22.63
2024-11-22 16:11:21.882,21.38,21.52,22.58,22.58
2024-11-22 16:11:24.612,21.38,21.48,22.55,22.6
2024-11-22 16:11:27.342,21.38,21.55,22.52,22.61
2024-11-22 16:11:30.074,21.43,21.56,22.48,22.56
2024-11-22 16:11:32.804,21.37,21.52,22.55,22.55
2024-11-22 16:11:35.533,21.41,21.44,22.6,22.59
2024-11-22 16:11:38.263,21.41,21.52,22.61,22.61
2024-11-22 16:11:40.995,21.44,21.52,22.56,22.6
2024-11-22 16:11:43.724,21.33,21.5,22.55,22.65
2024-11-22 16:11:46.453,21.36,21.54,22.6,22.63
2024-11-22 16:11:49.185,21.41,21.52,22.59,22.63
2024-11-22 16:11:51.916,21.41,21.52,22.5,22.63
2024-11-22 16:11:54.645,21.43,21.52,22.55,22.59
2024-11-22 16:11:57.375,21.38,21.52,22.55,22.63
2024-11-22 16:12:00.105,21.41,21.5,22.56,22.6
2024-11-22 16:12:02.834,21.44,21.55,22.58,22.63
2024-11-22 16:12:05.564,21.34,21.49,22.52,22.59
2024-11-22 16:12:08.295,21.41,21.54,22.63,22.61
2024-11-22 16:12:11.025,21.41,21.5,22.58,22.6
2024-11-22 16:12:13.754,21.41,21.52,22.56,22.63
2024-11-22 16:12:16.483,21.45,21.5,22.59,22.65
2024-11-22 16:12:19.213,21.44,21.54,22.59,22.63
2024-11-22 16:12:21.942,21.41,21.55,22.61,22.56
2024-11-22 16:12:24.672,21.44,21.59,22.67,22.63
2024-11-22 16:12:27.402,21.44,21.58,22.6,22.63
2024-11-22 16:12:30.132,21.49,21.55,22.54,22.66
2024-11-22 16:12:32.861,21.5,21.7,22.6,22.67
2024-11-22 16:12:35.591,21.52,21.72,22.66,22.69
2024-11-22 16:12:38.322,21.61,21.83,22.69,22.77
2024-11-22 16:12:41.050,21.63,21.9,22.74,22.81
2024-11-22 16:12:43.780,21.68,22.07,22.76,22.88
2024-11-22 16:12:46.511,21.83,22.16,22.77,22.96
2024-11-22 16:12:49.241,21.95,22.21,22.99,23.08
2024-11-22 16:12:51.970,22.07,22.43,23.07,23.2
2024-11-22 16:12:54.699,22.27,22.58,23.03,23.3
2024-11-22 16:12:57.429,22.36,22.78,23.2,23.35
2024-11-22 16:13:00.156,22.52,22.92,23.28,23.58
2024-11-22 16:13:02.885,22.72,23.12,23.46,23.7
2024-11-22 16:13:05.616,22.88,23.27,23.52,23.87
2024-11-22 16:13:08.345,22.99,23.45,23.66,24.02
2024-11-22 16:13:11.074,23.19,23.59,23.7,24.16
2024-11-22 16:13:13.803,23.35,23.77,23.88,24.3
2024-11-22 16:13:16.534,23.59,23.98,24.02,24.45
2024-11-22 16:13:19.262,23.8,24.11,24.2,24.65
2024-11-22 16:13:21.992,23.97,24.3,24.29,24.77
2024-11-22 16:13:24.723,24.07,24.47,24.4,24.96
2024-11-22 16:13:27.452,24.35,24.62,24.56,25.1
2024-11-22 16:13:30.181,24.6,24.78,24.69,25.25
2024-11-22 16:13:32.912,24.71,24.95,24.84,25.45
2024-11-22 16:13:35.640,24.84,25.1,24.98,25.63
2024-11-22 16:13:38.369,25.1,25.23,25.14,25.74
2024-11-22 16:13:41.099,25.28,25.32,25.31,25.95
2024-11-22 16:13:43.830,25.43,25.5,25.37,26.11
2024-11-22 16:13:46.559,25.61,25.62,25.52,26.22
2024-11-22 16:13:49.289,25.74,25.81,25.64,26.42
2024-11-22 16:13:52.018,25.91,25.97,25.8,26.48
2024-11-22 16:13:54.748,26.02,26.0,25.93,26.74
2024-11-22 16:13:57.478,26.13,26.11,26.02,26.79
2024-11-22 16:14:00.209,26.31,26.24,26.18,26.9
2024-11-22 16:14:02.939,26.47,26.4,26.27,27.16
2024-11-22 16:14:05.669,26.61,26.52,26.44,27.26
2024-11-22 16:14:08.399,26.77,26.61,26.59,27.38
2024-11-22 16:14:11.129,26.84,26.74,26.66,27.46
2024-11-22 16:14:13.859,27.01,26.89,26.83,27.65
2024-11-22 16:14:16.589,27.17,26.97,26.92,27.71
2024-11-22 16:14:19.319,27.34,27.08,27.03,27.89
2024-11-22 16:14:22.052,27.35,27.17,27.14,28.08
2024-11-22 16:14:24.782,27.5,27.24,27.29,28.12
2024-11-22 16:14:27.511,27.57,27.38,27.38,28.21
2024-11-22 16:14:30.241,27.66,27.5,27.5,28.35
2024-11-22 16:14:32.972,27.72,27.53,27.57,28.5
2024-11-22 16:14:35.701,27.94,27.63,27.71,28.55
2024-11-22 16:14:38.430,27.95,27.69,27.78,28.63
2024-11-22 16:14:41.162,28.08,27.83,27.94,28.75
2024-11-22 16:14:43.892,28.13,27.94,28.03,28.78
2024-11-22 16:14:46.622,28.2,27.96,28.08,28.96
2024-11-22 16:14:49.354,28.37,28.05,28.19,28.97
2024-11-22 16:14:52.081,28.45,28.18,28.26,29.12
2024-11-22 16:14:54.810,28.59,28.23,28.44,29.2
2024-11-22 16:14:57.540,28.64,28.34,28.44,29.28
2024-11-22 16:15:00.271,28.69,28.42,28.55,29.38
2024-11-22 16:15:03.000,28.8,28.46,28.62,29.46
2024-11-22 16:15:05.731,28.82,28.53,28.76,29.58
2024-11-22 16:15:08.460,28.9,28.57,28.84,29.58
2024-11-22 16:15:11.190,28.91,28.63,28.92,29.67
2024-11-22 16:15:13.920,29.01,28.69,28.98,29.73
2024-11-22 16:15:16.650,29.08,28.8,29.07,29.8
2024-11-22 16:15:19.380,29.14,28.91,29.16,29.9
2024-11-22 16:15:22.110,29.19,28.89,29.2,29.99
2024-11-22 16:15:24.840,29.23,28.94,29.28,29.98
2024-11-22 16:15:27.571,29.3,29.05,29.33,30.05
2024-11-22 16:15:30.301,29.33,29.03,29.35,30.16
2024-11-22 16:15:33.031,29.37,29.16,29.42,30.2
2024-11-22 16:15:35.761,29.46,29.17,29.57,30.24
2024-11-22 16:15:38.493,29.47,29.21,29.62,30.3
2024-11-22 16:15:41.222,29.53,29.23,29.71,30.36
2024-11-22 16:15:43.954,29.6,29.23,29.74,30.45
2024-11-22 16:15:46.682,29.64,29.4,29.84,30.53
2024-11-22 16:15:49.412,29.64,29.44,29.79,30.51
2024-11-22 16:15:52.142,29.7,29.45,29.88,30.54
2024-11-22 16:15:54.872,29.77,29.48,29.95,30.63
2024-11-22 16:15:57.604,29.82,29.52,30.02,30.65
2024-11-22 16:16:00.333,29.88,29.55,29.99,30.7
2024-11-22 16:16:03.062,29.89,29.7,30.02,30.78
2024-11-22 16:16:05.792,29.96,29.64,30.15,30.84
2024-11-22 16:16:08.522,29.95,29.7,30.22,30.85
2024-11-22 16:16:11.253,30.01,29.73,30.19,30.92
2024-11-22 16:16:13.982,30.05,29.73,30.23,31.02
2024-11-22 16:16:16.714,30.1,29.85,30.28,31.02
2024-11-22 16:16:19.442,30.06,29.8,30.35,31.02
2024-11-22 16:16:22.172,30.13,29.89,30.41,31.02
2024-11-22 16:16:24.901,30.16,29.96,30.36,31.05
2024-11-22 16:16:27.631,30.17,29.91,30.45,31.11
2024-11-22 16:16:30.361,30.1,29.92,30.45,31.11
2024-11-22 16:16:33.091,30.21,30.03,30.53,31.2
2024-11-22 16:16:35.822,30.23,30.04,30.52,31.18
2024-11-22 16:16:38.551,30.34,30.04,30.56,31.3
2024-11-22 16:16:41.282,30.28,30.08,30.59,31.22
2024-11-22 16:16:44.012,30.27,30.1,30.63,31.27
2024-11-22 16:16:46.741,30.3,30.06,30.75,31.32
2024-11-22 16:16:49.472,30.28,30.19,30.7,31.32
2024-11-22 16:16:52.202,30.38,30.16,30.74,31.39
2024-11-22 16:16:54.934,30.41,30.21,30.78,31.37
2024-11-22 16:16:57.664,30.45,30.2,30.84,31.41
2024-11-22 16:17:00.394,30.47,30.2,30.8,31.44
2024-11-22 16:17:03.125,30.56,30.31,30.88,31.44
2024-11-22 16:17:05.856,30.53,30.3,30.91,31.52
2024-11-22 16:17:08.586,30.58,30.35,30.91,31.44
2024-11-22 16:17:11.316,30.56,30.3,30.93,31.48
2024-11-22 16:17:14.046,30.54,30.3,30.93,31.45
2024-11-22 16:17:16.776,30.63,30.38,30.98,31.52
2024-11-22 16:17:19.505,30.54,30.38,30.98,31.49
2024-11-22 16:17:22.234,30.54,30.35,31.0,31.45
2024-11-22 16:17:24.964,30.61,30.41,30.99,31.46
2024-11-22 16:17:27.693,30.67,30.4,31.02,31.54
2024-11-22 16:17:30.423,30.67,30.48,31.11,31.58
2024-11-22 16:17:33.157,30.66,30.46,31.09,31.55
2024-11-22 16:17:35.884,30.63,30.43,31.12,31.57
2024-11-22 16:17:38.614,30.61,30.47,31.07,31.54
2024-11-22 16:17:41.344,30.63,30.46,31.05,31.52
2024-11-22 16:17:44.074,30.66,30.49,31.02,31.55
2024-11-22 16:17:46.804,30.59,30.48,31.11,31.52
2024-11-22 16:17:49.533,30.61,30.42,31.15,31.55
2024-11-22 16:17:52.265,30.65,30.46,31.12,31.58
2024-11-22 16:17:54.994,30.63,30.48,31.16,31.57
2024-11-22 16:17:57.724,30.63,30.43,31.13,31.52
2024-11-22 16:18:00.453,30.63,30.55,31.18,31.62
2024-11-22 16:18:03.183,30.65,30.52,31.13,31.54
2024-11-22 16:18:05.914,30.63,30.48,31.17,31.58
2024-11-22 16:18:08.641,30.63,30.51,31.22,31.63
2024-11-22 16:18:11.372,30.65,30.51,31.23,31.62
2024-11-22 16:18:14.101,30.72,30.53,31.22,31.66
2024-11-22 16:18:16.836,30.7,30.52,31.22,31.66
2024-11-22 16:18:19.560,30.63,30.59,31.26,31.64
2024-11-22 16:18:22.289,30.68,30.58,31.25,31.66
2024-11-22 16:18:25.019,30.7,30.61,31.25,31.62
2024-11-22 16:18:27.748,30.77,30.59,31.3,31.68
2024-11-22 16:18:30.479,30.68,30.58,31.26,31.73
2024-11-22 16:18:33.208,30.66,30.61,31.3,31.7
2024-11-22 16:18:35.937,30.74,30.6,31.3,31.66
2024-11-22 16:18:38.672,30.77,30.6,31.37,31.73
2024-11-22 16:18:41.396,30.73,30.61,31.37,31.76
2024-11-22 16:18:44.128,30.72,30.68,31.37,31.73
2024-11-22 16:18:46.855,30.72,30.65,31.37,31.73
2024-11-22 16:18:49.586,30.75,30.63,31.37,31.73
2024-11-22 16:18:52.315,30.74,30.65,31.45,31.76
2024-11-22 16:18:55.045,30.73,30.73,31.34,31.75
2024-11-22 16:18:57.775,30.79,30.65,31.41,31.69
2024-11-22 16:19:00.505,30.72,30.63,31.37,31.75
2024-11-22 16:19:03.234,30.8,30.63,31.39,31.76
2024-11-22 16:19:05.972,30.74,30.65,31.43,31.75
2024-11-22 16:19:08.694,30.8,30.72,31.41,31.8
2024-11-22 16:19:11.423,30.72,30.7,31.43,31.78
2024-11-22 16:19:14.152,30.77,30.68,31.52,31.78
2024-11-22 16:19:16.881,30.81,30.72,31.49,31.8
2024-11-22 16:19:19.610,30.78,30.63,31.46,31.73
2024-11-22 16:19:22.339,30.81,30.66,31.41,31.8
2024-11-22 16:19:25.069,30.84,30.72,31.46,31.78
2024-11-22 16:19:27.799,30.85,30.72,31.52,31.8
2024-11-22 16:19:30.528,30.85,30.74,31.5,31.91
2024-11-22 16:19:33.258,30.83,30.67,31.5,31.85
2024-11-22 16:19:35.988,30.83,30.84,31.55,31.88
2024-11-22 16:19:38.717,30.9,30.78,31.54,31.9
2024-11-22 16:19:41.446,30.9,30.73,31.6,31.91
2024-11-22 16:19:44.176,30.88,30.73,31.55,31.89
2024-11-22 16:19:46.906,30.86,30.81,31.66,31.98
2024-11-22 16:19:49.636,30.88,30.78,31.58,31.95
2024-11-22 16:19:52.366,30.88,30.78,31.6,31.94
2024-11-22 16:19:55.096,30.86,30.77,31.6,32.01
2024-11-22 16:19:57.826,30.88,30.75,31.55,32.01
2024-11-22 16:20:00.556,30.86,30.8,31.62,32.02
2024-11-22 16:20:03.285,30.91,30.8,31.58,31.99
2024-11-22 16:20:06.017,30.9,30.83,31.6,32.01
2024-11-22 16:20:08.746,30.88,30.91,31.6,31.96
2024-11-22 16:20:11.476,30.92,30.81,31.62,31.95
2024-11-22 16:20:14.205,30.92,30.92,31.62,31.98
2024-11-22 16:20:16.938,30.95,30.83,31.6,31.96
2024-11-22 16:20:19.665,30.97,30.84,31.57,32.02
2024-11-22 16:20:22.394,30.98,30.83,31.6,31.99
2024-11-22 16:20:25.127,30.92,30.79,31.64,32.07
2024-11-22 16:20:27.855,30.95,30.79,31.66,31.96
2024-11-22 16:20:30.584,30.98,30.91,31.66,31.98
2024-11-22 16:20:33.313,30.99,30.83,31.63,32.01
2024-11-22 16:20:36.042,30.95,30.9,31.58,32.05
2024-11-22 16:20:38.771,30.92,30.85,31.63,32.08
2024-11-22 16:20:41.506,30.99,30.85,31.66,32.03
2024-11-22 16:20:44.231,31.02,30.85,31.68,32.05
2024-11-22 16:20:46.961,30.95,30.93,31.64,32.05
2024-11-22 16:20:49.690,30.95,30.9,31.6,32.03
2024-11-22 16:20:52.419,30.91,30.83,31.66,32.01
2024-11-22 16:20:55.149,31.05,30.86,31.66,32.05
2024-11-22 16:20:57.878,31.04,30.88,31.64,32.03
2024-11-22 16:21:00.607,31.0,30.9,31.66,32.02
2024-11-22 16:21:03.339,30.95,30.9,31.68,32.07
2024-11-22 16:21:06.067,30.97,30.9,31.71,32.07
2024-11-22 16:21:08.797,30.95,30.83,31.7,32.08
2024-11-22 16:21:11.527,30.98,30.88,31.66,32.03
2024-11-22 16:21:14.257,30.99,30.88,31.7,32.05
2024-11-22 16:21:16.987,30.99,30.91,31.64,32.09
2024-11-22 16:21:19.717,30.97,30.88,31.62,32.12
2024-11-22 16:21:22.448,30.98,30.88,31.7,32.07
2024-11-22 16:21:25.177,30.95,30.99,31.66,32.05
2024-11-22 16:21:27.907,30.97,30.85,31.69,32.08
2024-11-22 16:21:30.638,30.98,30.92,31.66,32.07
2024-11-22 16:21:33.366,30.98,30.88,31.66,32.12
2024-11-22 16:21:36.095,30.98,30.92,31.69,32.08
2024-11-22 16:21:38.824,31.02,30.86,31.68,32.09
2024-11-22 16:21:41.556,30.97,30.98,31.73,32.12
2024-11-22 16:21:44.285,30.97,30.86,31.68,32.12
2024-11-22 16:21:47.016,30.91,30.95,31.73,32.08
2024-11-22 16:21:49.744,30.98,30.88,31.75,32.05
2024-11-22 16:21:52.475,31.0,30.95,31.68,32.07
2024-11-22 16:21:55.202,30.93,30.92,31.76,32.05
2024-11-22 16:21:57.931,30.95,30.92,31.71,32.09
2024-11-22 16:22:00.663,31.04,30.9,31.73,32.13
2024-11-22 16:22:03.392,30.95,30.93,31.73,32.12
2024-11-22 16:22:06.122,31.02,30.93,31.77,32.16
2024-11-22 16:22:08.852,31.02,30.95,31.68,32.13
2024-11-22 16:22:11.581,31.02,30.98,31.66,32.15
2024-11-22 16:22:14.311,30.95,30.95,31.68,32.1
2024-11-22 16:22:17.040,31.02,30.97,31.69,32.15
2024-11-22 16:22:19.772,30.98,30.91,31.7,32.15
2024-11-22 16:22:22.501,30.99,30.98,31.71,32.12
2024-11-22 16:22:25.231,31.02,30.92,31.71,32.14
2024-11-22 16:22:27.962,31.02,30.92,31.7,32.12
2024-11-22 16:22:30.690,31.09,30.97,31.73,32.13
2024-11-22 16:22:33.420,30.99,30.93,31.71,32.09
2024-11-22 16:22:36.149,31.02,30.95,31.73,32.16
2024-11-22 16:22:38.879,31.02,30.97,31.73,32.13
2024-11-22 16:22:41.609,30.95,30.97,31.73,32.12
2024-11-22 16:22:44.338,31.06,30.92,31.69,32.16
2024-11-22 16:22:47.068,31.06,30.9,31.71,32.15
2024-11-22 16:22:49.798,30.98,30.92,31.71,32.12
2024-11-22 16:22:52.527,30.95,30.98,31.73,32.14
2024-11-22 16:22:55.257,30.99,30.95,31.66,32.08
2024-11-22 16:22:57.989,30.98,30.93,31.75,32.07
2024-11-22 16:23:00.719,31.02,30.98,31.76,32.12
2024-11-22 16:23:03.449,30.98,30.93,31.71,32.05
2024-11-22 16:23:06.179,30.99,30.95,31.7,32.16
2024-11-22 16:23:08.908,30.99,30.97,31.78,32.1
2024-11-22 16:23:11.639,31.0,30.93,31.75,32.14
2024-11-22 16:23:14.369,31.02,30.97,31.7,32.14
2024-11-22 16:23:17.101,31.02,30.97,31.71,32.09
2024-11-22 16:23:19.830,30.98,30.93,31.73,32.12
2024-11-22 16:23:22.561,30.95,30.97,31.73,32.17
2024-11-22 16:23:25.291,30.98,30.97,31.73,32.16
2024-11-22 16:23:28.021,30.91,30.97,31.69,32.12
2024-11-22 16:23:30.750,30.95,31.02,31.7,32.12
2024-11-22 16:23:33.481,30.99,30.95,31.73,32.08
2024-11-22 16:23:36.212,30.93,30.95,31.78,32.13
2024-11-22 16:23:38.942,30.98,30.9,31.76,32.07
2024-11-22 16:23:41.672,30.95,30.91,31.77,32.15
2024-11-22 16:23:44.402,30.97,30.95,31.7,32.07
2024-11-22 16:23:47.133,31.0,30.93,31.78,32.13
2024-11-22 16:23:49.861,31.02,30.97,31.73,32.13
2024-11-22 16:23:52.592,30.97,30.95,31.8,32.15
2024-11-22 16:23:55.322,30.95,30.86,31.77,32.12
2024-11-22 16:23:58.052,30.97,31.02,31.78,32.19
2024-11-22 16:24:00.781,30.97,30.93,31.8,32.19
2024-11-22 16:24:03.511,30.92,31.02,31.87,32.21
2024-11-22 16:24:06.241,30.98,30.97,31.73,32.09
2024-11-22 16:24:08.971,30.92,30.98,31.76,32.14
2024-11-22 16:24:11.700,30.97,30.98,31.8,32.07
2024-11-22 16:24:14.430,30.97,30.97,31.8,32.1
2024-11-22 16:24:17.159,30.98,30.98,31.73,32.12
2024-11-22 16:24:19.890,30.97,31.05,31.78,32.15
2024-11-22 16:24:22.618,30.95,30.99,31.77,32.08
2024-11-22 16:24:25.348,30.97,30.98,31.8,32.13
2024-11-22 16:24:28.078,30.97,31.02,31.75,32.14
2024-11-22 16:24:30.808,30.97,30.95,31.82,32.14
2024-11-22 16:24:33.539,30.95,30.99,31.76,32.16
2024-11-22 16:24:36.268,30.97,31.04,31.78,32.16
2024-11-22 16:24:38.997,30.95,30.95,31.78,32.2
2024-11-22 16:24:41.727,30.98,30.95,31.85,32.15
2024-11-22 16:24:44.457,30.98,30.98,31.76,32.2
2024-11-22 16:24:47.188,30.93,30.99,31.8,32.2
2024-11-22 16:24:49.918,30.9,30.98,31.78,32.14
2024-11-22 16:24:52.650,30.92,30.98,31.76,32.15
2024-11-22 16:24:55.379,30.93,30.99,31.85,32.19
2024-11-22 16:24:58.110,30.95,30.99,31.84,32.19
2024-11-22 16:25:00.839,30.93,30.98,31.84,32.09
2024-11-22 16:25:03.570,30.97,30.97,31.82,32.15
2024-11-22 16:25:06.299,30.93,30.99,31.82,32.15
2024-11-22 16:25:09.029,30.97,30.97,31.82,32.13
2024-11-22 16:25:11.761,31.02,30.95,31.82,32.15
2024-11-22 16:25:14.489,30.93,30.95,31.82,32.16
2024-11-22 16:25:17.220,30.95,30.98,31.89,32.12
2024-11-22 16:25:19.949,30.9,30.95,31.82,32.12
2024-11-22 16:25:22.679,30.98,30.97,31.75,32.19
2024-11-22 16:25:25.412,30.93,30.99,31.8,32.15
2024-11-22 16:25:28.139,31.04,31.02,31.8,32.2
2024-11-22 16:25:30.869,30.97,30.97,31.82,32.23
2024-11-22 16:25:33.599,30.99,31.02,31.84,32.15
2024-11-22 16:25:36.330,31.02,30.99,31.85,32.22
2024-11-22 16:25:39.061,30.97,30.97,31.85,32.15
2024-11-22 16:25:41.790,30.99,30.97,31.83,32.2
2024-11-22 16:25:44.521,30.98,30.98,31.76,32.16
2024-11-22 16:25:47.250,30.99,31.02,31.9,32.2
2024-11-22 16:25:49.982,30.97,31.05,31.85,32.23
2024-11-22 16:25:52.711,31.04,31.02,31.9,32.33
2024-11-22 16:25:55.441,30.97,30.95,31.87,32.24
2024-11-22 16:25:58.171,30.99,31.02,31.8,32.21
2024-11-22 16:26:00.901,31.02,30.95,31.8,32.19
2024-11-22 16:26:03.631,31.06,31.04,31.84,32.26
2024-11-22 16:26:06.361,31.02,30.97,31.77,32.19
2024-11-22 16:26:09.094,30.98,30.99,31.8,32.24
2024-11-22 16:26:11.822,31.02,31.02,31.77,32.21
2024-11-22 16:26:14.551,31.02,31.0,31.85,32.21
2024-11-22 16:26:17.280,31.05,31.0,31.85,32.29
2024-11-22 16:26:20.010,31.11,31.0,31.91,32.22
2024-11-22 16:26:22.741,31.04,30.99,31.87,32.22
2024-11-22 16:26:25.472,30.98,31.02,31.88,32.24
2024-11-22 16:26:28.203,31.02,30.95,31.87,32.24
2024-11-22 16:26:30.932,30.99,31.0,31.88,32.23
2024-11-22 16:26:33.665,31.02,30.99,31.88,32.23
2024-11-22 16:26:36.391,31.05,31.04,31.83,32.26
2024-11-22 16:26:39.121,31.04,31.05,31.88,32.2
2024-11-22 16:26:41.851,31.05,30.98,31.87,32.17
2024-11-22 16:26:44.582,31.0,30.99,31.87,32.2
2024-11-22 16:26:47.311,31.06,31.0,31.83,32.2
2024-11-22 16:26:50.040,31.05,30.98,31.83,32.2
2024-11-22 16:26:52.768,31.09,30.98,31.85,32.27
2024-11-22 16:26:55.498,31.07,30.99,31.8,32.28
2024-11-22 16:26:58.228,31.04,30.97,31.84,32.27
2024-11-22 16:27:00.958,30.99,30.97,31.87,32.28
2024-11-22 16:27:03.687,31.07,30.97,31.87,32.23
2024-11-22 16:27:06.419,31.05,30.98,31.89,32.2
2024-11-22 16:27:09.148,31.06,30.95,31.83,32.15
2024-11-22 16:27:11.878,31.02,30.95,31.82,32.23
2024-11-22 16:27:14.607,30.99,30.95,31.75,32.22
2024-11-22 16:27:17.337,31.04,30.98,31.8,32.19
2024-11-22 16:27:20.066,31.0,30.97,31.82,32.16
2024-11-22 16:27:22.796,31.04,30.92,31.85,32.2
2024-11-22 16:27:25.526,31.06,30.99,31.8,32.19
2024-11-22 16:27:28.255,31.05,31.02,31.85,32.12
2024-11-22 16:27:30.984,31.04,30.98,31.8,32.17
2024-11-22 16:27:33.713,31.02,31.02,31.84,32.21
2024-11-22 16:27:36.442,31.06,31.0,31.83,32.1
2024-11-22 16:27:39.172,31.04,30.97,31.8,32.14
2024-11-22 16:27:41.901,31.05,31.0,31.76,32.15
2024-11-22 16:27:44.634,30.97,31.04,31.78,32.12
2024-11-22 16:27:47.363,31.02,31.0,31.8,32.17
2024-11-22 16:27:50.093,31.11,30.97,31.88,32.21
2024-11-22 16:27:52.829,31.02,31.02,31.82,32.15
2024-11-22 16:27:55.554,31.09,30.99,31.84,32.24
2024-11-22 16:27:58.283,31.11,31.0,31.77,32.36
2024-11-22 16:28:01.013,31.06,31.02,31.88,32.36
2024-11-22 16:28:03.742,31.07,30.99,31.8,32.38
2024-11-22 16:28:06.472,31.12,30.97,31.84,32.3
2024-11-22 16:28:09.201,31.12,30.99,31.88,32.3
2024-11-22 16:28:11.931,31.18,30.97,31.78,32.23
2024-11-22 16:28:14.659,31.15,30.98,31.83,32.22
2024-11-22 16:28:17.388,31.11,31.0,31.76,32.22
2024-11-22 16:28:20.116,31.07,31.02,31.8,32.19
2024-11-22 16:28:22.847,31.06,30.95,31.78,32.17
2024-11-22 16:28:25.575,31.09,30.91,31.76,32.14
2024-11-22 16:28:28.304,31.05,30.95,31.7,32.15
2024-11-22 16:28:31.034,31.04,31.02,31.78,32.16
2024-11-22 16:28:33.763,31.12,30.95,31.82,32.13
2024-11-22 16:28:36.492,30.95,30.97,31.75,32.14
2024-11-22 16:28:39.221,31.06,30.95,31.7,32.15
2024-11-22 16:28:41.951,30.99,30.93,31.71,32.22
2024-11-22 16:28:44.679,31.02,30.98,31.8,32.23
2024-11-22 16:28:47.408,31.02,30.9,31.8,32.2
2024-11-22 16:28:50.137,31.09,31.0,31.75,32.2
2024-11-22 16:28:52.866,31.15,30.99,31.75,32.2
2024-11-22 16:28:55.594,31.09,30.97,31.82,32.16
2024-11-22 16:28:58.324,31.09,30.99,31.77,32.22
2024-11-22 16:29:01.058,31.13,30.97,31.8,32.15
2024-11-22 16:29:03.784,31.13,30.97,31.77,32.15
2024-11-22 16:29:06.514,31.11,30.97,31.78,32.17
2024-11-22 16:29:09.244,31.06,31.0,31.75,32.17
2024-11-22 16:29:11.973,31.16,31.02,31.84,32.14
2024-11-22 16:29:14.703,31.05,31.02,31.76,32.19
2024-11-22 16:29:17.432,31.12,31.0,31.66,32.12
2024-11-22 16:29:20.163,31.04,30.95,31.8,32.13
2024-11-22 16:29:22.892,31.04,30.88,31.71,32.07
2024-11-22 16:29:25.621,31.09,30.98,31.73,32.1
2024-11-22 16:29:28.350,31.11,30.98,31.7,32.12
2024-11-22 16:29:31.080,31.06,30.9,31.7,32.07
2024-11-22 16:29:33.813,31.02,30.92,31.7,32.09
2024-11-22 16:29:36.539,31.02,30.88,31.69,32.07
2024-11-22 16:29:39.269,31.05,30.88,31.71,32.05
2024-11-22 16:29:41.997,31.02,30.95,31.76,31.98
2024-11-22 16:29:44.726,31.05,31.02,31.68,32.05
2024-11-22 16:29:47.455,31.16,30.99,31.71,32.02
2024-11-22 16:29:50.184,31.17,30.98,31.71,32.07
2024-11-22 16:29:52.914,31.11,31.02,31.73,32.12
2024-11-22 16:29:55.642,31.12,30.95,31.76,32.05
2024-11-22 16:29:58.372,31.13,30.98,31.73,32.02
2024-11-22 16:30:01.100,31.16,30.99,31.73,32.09
2024-11-22 16:30:03.829,31.12,30.93,31.73,32.02
2024-11-22 16:30:06.558,31.17,31.02,31.69,32.05
2024-11-22 16:30:09.290,31.18,30.95,31.73,32.07
2024-11-22 16:30:12.016,31.09,30.99,31.66,32.05
2024-11-22 16:30:14.746,31.09,30.98,31.69,32.05
2024-11-22 16:30:17.477,31.04,30.9,31.66,32.08
2024-11-22 16:30:20.206,31.06,30.92,31.68,32.05
2024-11-22 16:30:22.934,31.06,30.93,31.66,31.99
2024-11-22 16:30:25.662,31.02,30.92,31.66,32.07
2024-11-22 16:30:28.391,30.92,30.9,31.58,32.02
2024-11-22 16:30:31.121,30.98,30.95,31.63,32.02
2024-11-22 16:30:33.849,30.98,30.92,31.59,32.1
2024-11-22 16:30:36.580,30.98,30.95,31.66,32.07
2024-11-22 16:30:39.309,30.99,30.92,31.54,31.94
2024-11-22 16:30:42.038,30.95,30.92,31.58,32.02
2024-11-22 16:30:44.767,30.95,30.93,31.71,31.94
2024-11-22 16:30:47.496,30.93,30.91,31.69,31.96
2024-11-22 16:30:50.224,30.97,30.91,31.66,32.01
2024-11-22 16:30:52.953,30.98,30.9,31.59,31.94
2024-11-22 16:30:55.684,30.98,30.91,31.66,31.94
2024-11-22 16:30:58.413,30.98,30.9,31.68,31.99
2024-11-22 16:31:01.144,30.99,30.93,31.71,31.99
2024-11-22 16:31:03.873,30.98,30.95,31.69,31.98
2024-11-22 16:31:06.600,31.06,30.95,31.66,31.95
2024-11-22 16:31:09.328,31.02,30.95,31.71,31.98
2024-11-22 16:31:12.059,31.06,30.98,31.71,32.05
2024-11-22 16:31:14.787,31.04,30.92,31.64,31.98
2024-11-22 16:31:17.516,31.02,30.92,31.64,31.98
2024-11-22 16:31:20.245,31.04,30.91,31.66,32.02
2024-11-22 16:31:22.975,31.04,30.93,31.64,32.02
2024-11-22 16:31:25.703,31.04,30.98,31.71,32.05
2024-11-22 16:31:28.431,31.09,31.02,31.78,32.09
2024-11-22 16:31:31.159,31.12,31.13,31.73,32.09
2024-11-22 16:31:33.888,31.17,31.16,31.73,32.1
2024-11-22 16:31:36.617,31.23,31.29,31.92,32.14
2024-11-22 16:31:39.344,31.27,31.43,31.83,32.27
2024-11-22 16:31:42.073,31.38,31.54,31.9,32.35
2024-11-22 16:31:44.801,31.49,31.62,31.94,32.38
2024-11-22 16:31:47.532,31.55,31.69,32.05,32.47
2024-11-22 16:31:50.258,31.7,31.87,32.03,32.59
2024-11-22 16:31:52.988,31.84,32.09,32.17,32.73
2024-11-22 16:31:55.715,32.02,32.21,32.3,32.87
2024-11-22 16:31:58.444,32.21,32.35,32.41,33.0
2024-11-22 16:32:01.172,32.44,32.56,32.51,33.17
2024-11-22 16:32:03.902,32.54,32.77,32.66,33.32
2024-11-22 16:32:06.629,32.72,32.98,32.79,33.51
2024-11-22 16:32:09.358,32.94,33.12,32.88,33.65
2024-11-22 16:32:12.088,33.09,33.26,33.02,33.82
2024-11-22 16:32:14.817,33.3,33.48,33.11,33.92
2024-11-22 16:32:17.544,33.49,33.65,33.34,34.11
2024-11-22 16:32:20.272,33.54,33.72,33.41,34.25
2024-11-22 16:32:23.004,33.79,33.92,33.58,34.45
2024-11-22 16:32:25.730,34.02,34.02,33.67,34.59
2024-11-22 16:32:28.460,34.16,34.26,33.84,34.71
2024-11-22 16:32:31.188,34.41,34.41,34.04,34.97
2024-11-22 16:32:33.917,34.6,34.55,34.13,35.14
2024-11-22 16:32:37.869,34.8,34.63,34.27,35.3
2024-11-22 16:32:39.373,35.0,34.82,34.43,35.42
2024-11-22 16:32:42.101,35.21,35.04,34.53,35.52
2024-11-22 16:32:44.829,35.32,35.12,34.7,35.71
2024-11-22 16:32:47.558,35.6,35.32,34.8,35.87
2024-11-22 16:32:50.289,35.63,35.47,34.88,36.01
2024-11-22 16:32:53.018,35.8,35.58,35.02,36.15
2024-11-22 16:32:55.746,35.94,35.69,35.2,36.3
2024-11-22 16:32:58.476,36.07,35.73,35.32,36.45
2024-11-22 16:33:01.204,36.12,35.94,35.45,36.56
2024-11-22 16:33:03.933,36.27,35.99,35.61,36.73
2024-11-22 16:33:06.662,36.52,36.1,35.66,36.83
2024-11-22 16:33:09.391,36.48,36.24,35.81,36.95
2024-11-22 16:33:12.120,36.58,36.31,35.97,37.15
2024-11-22 16:33:14.848,36.73,36.38,36.03,37.21
2024-11-22 16:33:17.578,36.85,36.54,36.13,37.39
2024-11-22 16:33:20.307,37.0,36.6,36.27,37.41
2024-11-22 16:33:23.036,37.13,36.73,36.36,37.52
2024-11-22 16:33:25.766,37.23,36.8,36.49,37.63
2024-11-22 16:33:28.496,37.37,36.88,36.6,37.77
2024-11-22 16:33:31.225,37.48,37.05,36.71,37.91
2024-11-22 16:33:33.954,37.55,37.16,36.78,38.05
2024-11-22 16:33:36.686,37.63,37.21,36.92,38.13
2024-11-22 16:33:39.413,37.72,37.25,37.0,38.23
2024-11-22 16:33:42.141,37.77,37.28,37.13,38.27
2024-11-22 16:33:44.871,37.88,37.48,37.19,38.46
2024-11-22 16:33:47.602,37.95,37.48,37.26,38.44
2024-11-22 16:33:50.331,38.05,37.61,37.37,38.52
2024-11-22 16:33:53.060,38.11,37.7,37.48,38.62
2024-11-22 16:33:55.789,38.16,37.75,37.55,38.7
2024-11-22 16:33:58.519,38.24,37.8,37.68,38.76
2024-11-22 16:34:01.248,38.31,37.85,37.72,38.86
2024-11-22 16:34:03.976,38.34,37.94,37.8,38.98
2024-11-22 16:34:06.706,38.45,37.98,37.87,38.98
2024-11-22 16:34:09.434,38.55,38.09,37.93,39.0
2024-11-22 16:34:12.163,38.6,38.17,38.05,39.12
2024-11-22 16:34:14.893,38.77,38.13,38.13,39.17
2024-11-22 16:34:17.624,38.77,38.29,38.16,39.23
2024-11-22 16:34:20.351,38.83,38.34,38.27,39.28
2024-11-22 16:34:23.080,38.91,38.38,38.27,39.41
2024-11-22 16:34:25.811,38.98,38.53,38.45,39.36
2024-11-22 16:34:28.541,39.05,38.52,38.48,39.5
2024-11-22 16:34:31.271,39.07,38.55,38.53,39.57
2024-11-22 16:34:33.999,39.13,38.64,38.58,39.55
2024-11-22 16:34:36.728,39.17,38.65,38.66,39.6
2024-11-22 16:34:39.458,39.14,38.76,38.69,39.62
2024-11-22 16:34:42.187,39.19,38.72,38.7,39.7
2024-11-22 16:34:44.920,39.19,38.84,38.79,39.77
2024-11-22 16:34:47.648,39.17,38.83,38.86,39.8
2024-11-22 16:34:50.377,39.22,38.85,38.89,39.88
2024-11-22 16:34:53.107,39.33,38.87,38.95,39.91
2024-11-22 16:34:57.372,39.38,38.93,38.98,39.98
2024-11-22 16:34:58.564,39.41,38.96,39.0,40.05
2024-11-22 16:35:01.292,39.48,39.05,39.12,40.07
2024-11-22 16:35:04.023,39.43,39.0,39.16,40.07
2024-11-22 16:35:06.753,39.51,39.15,39.2,40.12
2024-11-22 16:35:09.481,39.5,39.1,39.27,40.15
2024-11-22 16:35:12.210,39.57,39.16,39.31,40.19
2024-11-22 16:35:14.940,39.63,39.24,39.38,40.21
2024-11-22 16:35:17.669,39.57,39.23,39.35,40.26
2024-11-22 16:35:20.398,39.67,39.28,39.43,40.28
2024-11-22 16:35:23.128,39.67,39.3,39.5,40.31
2024-11-22 16:35:25.857,39.66,39.34,39.48,40.39
2024-11-22 16:35:28.586,39.69,39.36,39.53,40.36
2024-11-22 16:35:31.315,39.7,39.4,39.57,40.36
2024-11-22 16:35:34.044,39.76,39.41,39.6,40.41
2024-11-22 16:35:36.773,39.86,39.44,39.65,40.43
2024-11-22 16:35:39.503,39.84,39.45,39.74,40.53
2024-11-22 16:35:42.233,39.86,39.52,39.73,40.58
2024-11-22 16:35:44.962,39.92,39.51,39.74,40.55
2024-11-22 16:35:47.690,39.86,39.51,39.73,40.55
2024-11-22 16:35:50.418,39.9,39.52,39.83,40.57
2024-11-22 16:35:53.148,39.91,39.53,39.78,40.71
2024-11-22 16:35:55.877,39.93,39.62,39.85,40.66
2024-11-22 16:35:58.607,39.91,39.59,39.9,40.69
2024-11-22 16:36:01.336,39.92,39.58,39.95,40.71
2024-11-22 16:36:04.065,39.98,39.67,39.92,40.77
2024-11-22 16:36:06.795,40.02,39.73,40.0,40.77
2024-11-22 16:36:09.524,39.98,39.72,40.0,40.82
2024-11-22 16:36:12.253,40.02,39.7,40.0,40.84
2024-11-22 16:36:14.983,40.01,39.71,40.05,40.77
2024-11-22 16:36:17.712,40.1,39.74,40.02,40.72
2024-11-22 16:36:20.444,40.05,39.81,40.09,40.77
2024-11-22 16:36:23.173,40.05,39.78,40.09,40.84
2024-11-22 16:36:25.903,40.05,39.73,40.13,40.84
2024-11-22 16:36:28.632,40.05,39.81,40.1,40.84
2024-11-22 16:36:31.362,40.05,39.84,40.17,40.87
2024-11-22 16:36:34.091,40.05,39.79,40.22,40.91
2024-11-22 16:36:36.821,40.08,39.81,40.16,40.96
2024-11-22 16:36:39.552,40.13,39.81,40.17,40.91
2024-11-22 16:36:42.281,40.08,39.9,40.24,40.98
2024-11-22 16:36:45.012,40.1,39.9,40.29,40.96
2024-11-22 16:36:47.739,40.2,39.92,40.26,40.98
2024-11-22 16:36:50.468,40.14,39.91,40.24,40.98
2024-11-22 16:36:53.196,40.23,39.9,40.38,41.02
2024-11-22 16:36:55.926,40.16,39.96,40.3,41.0
2024-11-22 16:36:58.656,40.26,39.98,40.33,41.02
2024-11-22 16:37:01.385,40.27,40.01,40.28,41.0
2024-11-22 16:37:04.116,40.23,39.95,40.41,41.05
2024-11-22 16:37:06.843,40.21,39.96,40.38,41.13
2024-11-22 16:37:09.574,40.24,39.95,40.37,41.07
2024-11-22 16:37:12.303,40.23,40.0,40.37,41.05
2024-11-22 16:37:15.033,40.2,39.98,40.45,41.1
2024-11-22 16:37:17.778,40.23,39.95,40.46,41.07
2024-11-22 16:37:20.492,40.23,40.0,40.41,41.09
2024-11-22 16:37:23.221,40.21,40.02,40.45,41.15
2024-11-22 16:37:25.951,40.22,39.95,40.48,41.1
2024-11-22 16:37:28.681,40.28,39.95,40.5,41.09
2024-11-22 16:37:31.409,40.29,40.05,40.52,41.05
2024-11-22 16:37:34.138,40.34,40.02,40.44,41.14
2024-11-22 16:37:36.868,40.31,40.05,40.5,41.15
2024-11-22 16:37:39.597,40.27,40.03,40.48,41.12
2024-11-22 16:37:42.326,40.22,40.05,40.51,41.14
2024-11-22 16:37:45.055,40.28,40.08,40.55,41.14
2024-11-22 16:37:47.784,40.26,40.03,40.55,41.16
2024-11-22 16:37:50.513,40.3,40.09,40.58,41.15
2024-11-22 16:37:53.242,40.34,40.08,40.57,41.2
2024-11-22 16:37:55.973,40.37,40.12,40.62,41.24
2024-11-22 16:37:58.701,40.37,40.14,40.64,41.17
2024-11-22 16:38:01.431,40.34,40.1,40.6,41.34
2024-11-22 16:38:04.161,40.36,40.17,40.65,41.27
2024-11-22 16:38:06.892,40.3,40.09,40.66,41.25
2024-11-22 16:38:09.618,40.35,40.12,40.74,41.32
2024-11-22 16:38:12.347,40.37,40.19,40.7,41.27
2024-11-22 16:38:15.077,40.36,40.17,40.71,41.31
2024-11-22 16:38:17.806,40.36,40.17,40.69,41.31
2024-11-22 16:38:20.535,40.37,40.15,40.71,41.36
2024-11-22 16:38:23.265,40.41,40.21,40.77,41.37
2024-11-22 16:38:25.994,40.37,40.2,40.72,41.48
2024-11-22 16:38:28.723,40.37,40.14,40.79,41.39
2024-11-22 16:38:31.452,40.38,40.17,40.77,41.48
2024-11-22 16:38:34.183,40.39,40.2,40.82,41.49
2024-11-22 16:38:36.912,40.41,40.21,40.77,41.52
2024-11-22 16:38:39.641,40.38,40.16,40.77,41.49
2024-11-22 16:38:42.369,40.45,40.21,40.84,41.43
2024-11-22 16:38:45.097,40.41,40.2,40.77,41.41
2024-11-22 16:38:47.826,40.41,40.21,40.75,41.38
2024-11-22 16:38:50.555,40.44,40.17,40.86,41.41
2024-11-22 16:38:53.284,40.41,40.17,40.74,41.39
2024-11-22 16:38:56.013,40.46,40.28,40.79,41.37
2024-11-22 16:38:58.741,40.41,40.23,40.82,41.41
2024-11-22 16:39:01.470,40.45,40.21,40.79,41.45
2024-11-22 16:39:04.198,40.48,40.28,40.86,41.55
2024-11-22 16:39:06.928,40.48,40.19,40.84,41.6
2024-11-22 16:39:09.658,40.55,40.28,40.82,41.63
2024-11-22 16:39:12.387,40.51,40.24,40.81,41.65
2024-11-22 16:39:15.116,40.51,40.24,40.77,41.67
2024-11-22 16:39:17.846,40.53,40.29,40.8,41.67
2024-11-22 16:39:20.574,40.52,40.21,40.77,41.65
2024-11-22 16:39:23.303,40.52,40.26,40.84,41.58
2024-11-22 16:39:26.033,40.51,40.28,40.75,41.55
2024-11-22 16:39:28.763,40.48,40.26,40.77,41.55
2024-11-22 16:39:31.493,40.52,40.3,40.82,41.52
2024-11-22 16:39:34.222,40.55,40.27,40.79,41.52
2024-11-22 16:39:36.950,40.55,40.21,40.84,41.49
2024-11-22 16:39:39.680,40.51,40.28,40.77,41.45
2024-11-22 16:39:42.409,40.55,40.3,40.74,41.45
2024-11-22 16:39:45.138,40.51,40.34,40.84,41.46
2024-11-22 16:39:47.867,40.51,40.29,40.84,41.46
2024-11-22 16:39:50.597,40.46,40.3,40.8,41.49
2024-11-22 16:39:53.326,40.51,40.29,40.77,41.45
2024-11-22 16:39:56.055,40.48,40.28,40.84,41.44
2024-11-22 16:39:58.785,40.45,40.24,40.77,41.44
2024-11-22 16:40:01.513,40.43,40.24,40.82,41.48
2024-11-22 16:40:04.243,40.44,40.26,40.87,41.44
2024-11-22 16:40:06.972,40.45,40.24,40.82,41.43
2024-11-22 16:40:09.703,40.45,40.3,40.84,41.51
2024-11-22 16:40:12.432,40.46,40.31,40.84,41.48
2024-11-22 16:40:15.160,40.51,40.29,40.84,41.51
2024-11-22 16:40:17.889,40.51,40.29,40.91,41.48
2024-11-22 16:40:20.618,40.51,40.24,40.93,41.49
2024-11-22 16:40:23.347,40.51,40.34,40.88,41.54
2024-11-22 16:40:26.077,40.55,40.31,40.87,41.51
2024-11-22 16:40:28.808,40.52,40.3,40.86,41.49
2024-11-22 16:40:31.536,40.51,40.35,40.94,41.59
2024-11-22 16:40:34.265,40.55,40.28,40.91,41.49
2024-11-22 16:40:36.995,40.57,40.3,40.98,41.54
2024-11-22 16:40:39.725,40.55,40.34,40.91,41.6
2024-11-22 16:40:42.454,40.5,40.41,40.93,41.51
2024-11-22 16:40:45.184,40.55,40.33,40.98,41.56
2024-11-22 16:40:47.917,40.59,40.3,40.93,41.59
2024-11-22 16:40:50.644,40.52,40.38,40.98,41.68
2024-11-22 16:40:53.373,40.58,40.37,41.0,41.56
2024-11-22 16:40:56.101,40.55,40.33,41.01,41.63
2024-11-22 16:40:58.830,40.57,40.34,40.89,41.6
2024-11-22 16:41:01.559,40.53,40.31,40.93,41.53
2024-11-22 16:41:04.289,40.55,40.35,40.91,41.56
2024-11-22 16:41:07.021,40.62,40.34,40.91,41.49
2024-11-22 16:41:09.751,40.55,40.36,40.94,41.58
2024-11-22 16:41:12.481,40.52,40.31,40.96,41.55
2024-11-22 16:41:15.210,40.51,40.34,41.0,41.58
2024-11-22 16:41:17.940,40.53,40.36,40.94,41.63
2024-11-22 16:41:20.669,40.52,40.38,40.98,41.6
2024-11-22 16:41:23.398,40.55,40.34,40.89,41.61
2024-11-22 16:41:26.129,40.53,40.36,40.96,41.61
2024-11-22 16:41:28.858,40.57,40.38,40.98,41.56
2024-11-22 16:41:31.587,40.58,40.41,40.91,41.61
2024-11-22 16:41:34.316,40.55,40.34,40.93,41.56
2024-11-22 16:41:37.046,40.55,40.38,40.93,41.61
2024-11-22 16:41:39.777,40.52,40.3,40.91,41.6
2024-11-22 16:41:42.509,40.52,40.38,40.95,41.63
2024-11-22 16:41:45.235,40.5,40.37,40.95,41.59
2024-11-22 16:41:47.965,40.55,40.37,41.0,41.55
2024-11-22 16:41:50.694,40.51,40.35,40.95,41.53
2024-11-22 16:41:53.424,40.48,40.34,40.91,41.52
2024-11-22 16:41:56.154,40.5,40.33,40.87,41.54
2024-11-22 16:41:58.883,40.51,40.35,40.98,41.52
2024-11-22 16:42:01.612,40.51,40.41,40.93,41.54
2024-11-22 16:42:04.344,40.5,40.35,40.91,41.52
2024-11-22 16:42:07.073,40.5,40.36,41.0,41.56
2024-11-22 16:42:09.803,40.45,40.35,40.91,41.56
2024-11-22 16:42:12.532,40.46,40.35,40.91,41.61
2024-11-22 16:42:15.261,40.5,40.35,40.98,41.54
2024-11-22 16:42:17.991,40.46,40.35,41.0,41.56
2024-11-22 16:42:20.719,40.48,40.35,41.0,41.52
2024-11-22 16:42:23.450,40.53,40.34,41.02,41.58
2024-11-22 16:42:26.179,40.53,40.34,41.01,41.55
2024-11-22 16:42:28.909,40.51,40.37,40.95,41.54
2024-11-22 16:42:31.639,40.51,40.34,41.0,41.56
2024-11-22 16:42:34.367,40.53,40.41,41.05,41.68
2024-11-22 16:42:37.096,40.52,40.41,41.08,41.63
2024-11-22 16:42:39.824,40.57,40.39,41.05,41.6
2024-11-22 16:42:42.556,40.55,40.41,41.01,41.63
2024-11-22 16:42:45.285,40.53,40.39,41.05,41.65
2024-11-22 16:42:48.014,40.51,40.38,41.01,41.61
2024-11-22 16:42:50.743,40.51,40.45,41.05,41.67
2024-11-22 16:42:53.473,40.51,40.35,41.01,41.59
2024-11-22 16:42:56.201,40.55,40.37,41.07,41.63
2024-11-22 16:42:58.930,40.43,40.39,41.03,41.63
2024-11-22 16:43:01.660,40.51,40.37,41.05,41.63
2024-11-22 16:43:04.389,40.53,40.34,41.03,41.63
2024-11-22 16:43:07.119,40.51,40.41,41.1,41.63
2024-11-22 16:43:09.847,40.51,40.35,41.02,41.6
2024-11-22 16:43:12.576,40.53,40.36,41.13,41.67
2024-11-22 16:43:15.306,40.52,40.36,41.05,41.65
2024-11-22 16:43:18.035,40.53,40.36,41.07,41.73
2024-11-22 16:43:20.766,40.51,40.41,41.07,41.63
2024-11-22 16:43:23.495,40.55,40.41,41.03,41.67
2024-11-22 16:43:26.225,40.57,40.44,41.03,41.58
2024-11-22 16:43:28.954,40.48,40.41,41.1,41.65
2024-11-22 16:43:31.683,40.55,40.44,41.05,41.61
2024-11-22 16:43:34.413,40.48,40.39,41.05,41.61
2024-11-22 16:43:37.142,40.53,40.41,41.05,41.68
2024-11-22 16:43:39.874,40.55,40.41,41.09,41.68
2024-11-22 16:43:42.602,40.51,40.43,41.03,41.7
2024-11-22 16:43:45.331,40.53,40.44,41.08,41.63
2024-11-22 16:43:48.060,40.55,40.48,41.08,41.77
2024-11-22 16:43:50.790,40.65,40.41,41.08,41.7
2024-11-22 16:43:53.520,40.55,40.39,41.05,41.68
2024-11-22 16:43:56.250,40.58,40.41,41.13,41.7
2024-11-22 16:43:58.980,40.48,40.43,41.03,41.7
2024-11-22 16:44:01.709,40.55,40.44,41.12,41.73
2024-11-22 16:44:04.439,40.55,40.41,41.09,41.7
2024-11-22 16:44:07.168,40.55,40.41,41.1,41.65
2024-11-22 16:44:09.901,40.52,40.48,41.1,41.65
2024-11-22 16:44:12.627,40.57,40.39,41.05,41.68
2024-11-22 16:44:15.356,40.58,40.41,41.09,41.61
2024-11-22 16:44:18.087,40.55,40.43,41.13,41.61
2024-11-22 16:44:20.816,40.55,40.48,41.09,41.65
2024-11-22 16:44:23.546,40.58,40.43,41.12,41.68
2024-11-22 16:44:26.275,40.52,40.41,41.13,41.63
2024-11-22 16:44:29.004,40.55,40.45,41.07,41.7
2024-11-22 16:44:31.733,40.53,40.46,41.09,41.72
2024-11-22 16:44:34.463,40.53,40.44,41.08,41.73
2024-11-22 16:44:37.195,40.52,40.43,41.13,41.66
2024-11-22 16:44:39.924,40.55,40.38,41.13,41.67
2024-11-22 16:44:42.653,40.57,40.41,41.15,41.63
2024-11-22 16:44:45.382,40.55,40.41,41.12,41.72
2024-11-22 16:44:48.111,40.53,40.44,41.09,41.65
2024-11-22 16:44:50.840,40.59,40.41,41.09,41.7
2024-11-22 16:44:53.569,40.55,40.43,41.14,41.67
2024-11-22 16:44:56.299,40.6,40.48,41.14,41.68
2024-11-22 16:44:59.028,40.6,40.44,41.17,41.7
2024-11-22 16:45:01.758,40.59,40.48,41.14,41.73
2024-11-22 16:45:04.485,40.6,40.48,41.1,41.73
2024-11-22 16:45:07.214,40.6,40.43,41.09,41.77
2024-11-22 16:45:09.945,40.6,40.44,41.18,41.7
2024-11-22 16:45:12.672,40.57,40.41,41.13,41.81
2024-11-22 16:45:15.403,40.64,40.41,41.1,41.75
2024-11-22 16:45:18.132,40.62,40.48,41.15,41.73
2024-11-22 16:45:20.861,40.59,40.44,41.13,41.73
2024-11-22 16:45:23.590,40.55,40.45,41.1,41.75
2024-11-22 16:45:26.320,40.65,40.44,41.16,41.83
2024-11-22 16:45:29.049,40.63,40.45,41.13,41.81
2024-11-22 16:45:31.779,40.64,40.46,41.22,41.77
2024-11-22 16:45:34.509,40.65,40.41,41.18,41.79
2024-11-22 16:45:37.238,40.57,40.46,41.12,41.77
2024-11-22 16:45:39.968,40.63,40.44,41.12,41.68
2024-11-22 16:45:42.697,40.63,40.48,41.15,41.73
2024-11-22 16:45:45.426,40.6,40.45,41.16,41.79
2024-11-22 16:45:48.155,40.6,40.53,41.13,41.77
2024-11-22 16:45:50.884,40.63,40.51,41.18,41.75
2024-11-22 16:45:53.615,40.58,40.5,41.15,41.79
2024-11-22 16:45:56.343,40.6,40.45,41.14,41.72
2024-11-22 16:45:59.073,40.57,40.44,41.14,41.73
2024-11-22 16:46:01.803,40.57,40.45,41.09,41.77
2024-11-22 16:46:04.531,40.64,40.51,41.13,41.72
2024-11-22 16:46:07.261,40.59,40.48,41.18,41.7
2024-11-22 16:46:09.996,40.59,40.45,41.12,41.68
2024-11-22 16:46:12.719,40.64,40.5,41.13,41.79
2024-11-22 16:46:15.448,40.6,40.48,41.14,41.73
2024-11-22 16:46:18.176,40.6,40.51,41.12,41.77
2024-11-22 16:46:20.906,40.59,40.48,41.09,41.67
2024-11-22 16:46:23.635,40.63,40.45,41.17,41.74
2024-11-22 16:46:26.365,40.66,40.45,41.01,41.77
2024-11-22 16:46:29.094,40.6,40.41,41.2,41.74
2024-11-22 16:46:31.824,40.58,40.41,41.15,41.73
2024-11-22 16:46:34.552,40.66,40.46,41.15,41.73
2024-11-22 16:46:37.281,40.6,40.46,41.12,41.67
2024-11-22 16:46:40.010,40.64,40.41,41.13,41.74
2024-11-22 16:46:42.738,40.67,40.43,41.14,41.7
2024-11-22 16:46:45.467,40.66,40.46,41.15,41.66
2024-11-22 16:46:48.196,40.65,40.48,41.1,41.65
2024-11-22 16:46:50.927,40.65,40.44,41.14,41.7
2024-11-22 16:46:53.655,40.65,40.48,41.1,41.65
2024-11-22 16:46:56.385,40.65,40.41,41.09,41.7
2024-11-22 16:46:59.112,40.65,40.45,41.15,41.67
2024-11-22 16:47:01.841,40.65,40.43,41.09,41.73
2024-11-22 16:47:04.570,40.62,40.46,41.1,41.7
2024-11-22 16:47:07.299,40.63,40.44,41.09,41.66
2024-11-22 16:47:10.030,40.62,40.41,41.09,41.7
2024-11-22 16:47:12.759,40.63,40.46,41.12,41.66
2024-11-22 16:47:15.487,40.59,40.44,41.13,41.65
2024-11-22 16:47:18.216,40.62,40.41,41.08,41.7
2024-11-22 16:47:20.945,40.65,40.48,41.2,41.73
2024-11-22 16:47:23.674,40.58,40.46,41.13,41.65
2024-11-22 16:47:26.403,40.65,40.44,41.17,41.65
2024-11-22 16:47:29.134,40.66,40.46,41.2,41.75
2024-11-22 16:47:31.863,40.63,40.44,41.15,41.75
2024-11-22 16:47:34.593,40.62,40.48,41.18,41.77
2024-11-22 16:47:37.323,40.66,40.48,41.2,41.81
2024-11-22 16:47:40.052,40.62,40.48,41.15,41.75
2024-11-22 16:47:42.782,40.66,40.48,41.25,41.84
2024-11-22 16:47:45.512,40.72,40.51,41.2,41.79
2024-11-22 16:47:48.243,40.64,40.51,41.2,41.8
2024-11-22 16:47:50.973,40.64,40.52,41.2,41.83
2024-11-22 16:47:53.703,40.66,40.51,41.2,41.74
2024-11-22 16:47:56.432,40.66,40.5,41.16,41.73
2024-11-22 16:47:59.163,40.69,40.51,41.17,41.75
2024-11-22 16:48:01.892,40.69,40.53,41.2,41.77
2024-11-22 16:48:04.621,40.71,40.48,41.15,41.74
2024-11-22 16:48:07.352,40.66,40.48,41.13,41.7
2024-11-22 16:48:10.081,40.67,40.48,41.2,41.7
2024-11-22 16:48:12.811,40.66,40.51,41.2,41.74
2024-11-22 16:48:15.541,40.63,40.48,41.2,41.75
2024-11-22 16:48:18.270,40.63,40.55,41.17,41.72
2024-11-22 16:48:20.999,40.7,40.55,41.2,41.79
2024-11-22 16:48:23.728,40.66,40.48,41.18,41.67
2024-11-22 16:48:26.459,40.69,40.52,41.16,41.67
2024-11-22 16:48:29.188,40.66,40.48,41.1,41.77
2024-11-22 16:48:31.918,40.69,40.46,41.22,41.72
2024-11-22 16:48:34.647,40.66,40.51,41.16,41.75
2024-11-22 16:48:37.377,40.71,40.53,41.15,41.74
2024-11-22 16:48:40.105,40.66,40.55,41.15,41.8
2024-11-22 16:48:42.834,40.67,40.48,41.18,41.75
2024-11-22 16:48:45.565,40.67,40.48,41.22,41.8
2024-11-22 16:48:48.293,40.66,40.44,41.13,41.72
2024-11-22 16:48:51.022,40.66,40.45,41.17,41.72
2024-11-22 16:48:53.752,40.69,40.48,41.23,41.75
2024-11-22 16:48:56.481,40.66,40.48,41.16,41.74
2024-11-22 16:48:59.208,40.69,40.55,41.16,41.8
2024-11-22 16:49:01.938,40.66,40.46,41.2,41.75
2024-11-22 16:49:04.668,40.65,40.5,41.16,41.75
2024-11-22 16:49:07.398,40.6,40.51,41.18,41.75
2024-11-22 16:49:10.127,40.65,40.55,41.25,41.77
2024-11-22 16:49:12.855,40.64,40.52,41.2,41.81
2024-11-22 16:49:15.584,40.65,40.5,41.23,41.75
2024-11-22 16:49:18.314,40.63,40.51,41.2,41.82
2024-11-22 16:49:21.042,40.64,40.46,41.22,41.77
2024-11-22 16:49:23.773,40.69,40.5,41.23,41.77
2024-11-22 16:49:26.503,40.6,40.5,41.23,41.73
2024-11-22 16:49:29.232,40.64,40.46,41.25,41.72
2024-11-22 16:49:31.961,40.65,40.53,41.2,41.72
2024-11-22 16:49:34.690,40.72,40.51,41.22,41.77
2024-11-22 16:49:37.419,40.64,40.52,41.23,41.73
2024-11-22 16:49:40.148,40.63,40.53,41.15,41.73
2024-11-22 16:49:42.879,40.65,40.52,41.2,41.7
2024-11-22 16:49:45.608,40.64,40.46,41.25,41.79
2024-11-22 16:49:48.337,40.65,40.44,41.2,41.8
2024-11-22 16:49:51.068,40.69,40.5,41.1,41.72
2024-11-22 16:49:53.796,40.66,40.5,41.2,41.74
2024-11-22 16:49:56.526,40.74,40.53,41.2,41.66
2024-11-22 16:49:59.253,40.71,40.43,41.22,41.74
2024-11-22 16:50:01.982,40.6,40.53,41.17,41.75
2024-11-22 16:50:04.711,40.62,40.48,41.2,41.75
2024-11-22 16:50:07.440,40.64,40.44,41.22,41.75
2024-11-22 16:50:10.172,40.67,40.48,41.2,41.77
2024-11-22 16:50:12.897,40.7,40.48,41.2,41.72
2024-11-22 16:50:15.626,40.7,40.52,41.22,41.73
2024-11-22 16:50:18.356,40.69,40.46,41.2,41.75
2024-11-22 16:50:21.087,40.7,40.51,41.2,41.75
2024-11-22 16:50:23.815,40.65,40.46,41.16,41.77
2024-11-22 16:50:26.544,40.7,40.48,41.22,41.73
2024-11-22 16:50:29.273,40.64,40.48,41.23,41.8
2024-11-22 16:50:32.005,40.65,40.43,41.23,41.77
2024-11-22 16:50:34.732,40.64,40.44,41.23,41.8
2024-11-22 16:50:37.460,40.69,40.48,41.22,41.79
2024-11-22 16:50:40.190,40.65,40.48,41.2,41.75
2024-11-22 16:50:42.919,40.67,40.51,41.24,41.81
2024-11-22 16:50:45.647,40.69,40.55,41.22,41.84
2024-11-22 16:50:48.376,40.69,40.55,41.2,41.92
2024-11-22 16:50:51.104,40.79,40.6,41.25,41.85
2024-11-22 16:50:53.833,40.77,40.69,41.32,41.89
2024-11-22 16:50:56.562,40.86,40.75,41.29,41.95
2024-11-22 16:50:59.292,40.98,40.88,41.37,41.99
2024-11-22 16:51:02.020,41.0,41.03,41.41,42.06
2024-11-22 16:51:04.749,41.17,41.13,41.46,42.16
2024-11-22 16:51:07.479,41.27,41.27,41.58,42.21
2024-11-22 16:51:10.208,41.38,41.48,41.6,42.32
2024-11-22 16:51:12.937,41.53,41.56,41.81,42.45
2024-11-22 16:51:15.666,41.68,41.75,41.87,42.54
2024-11-22 16:51:18.397,41.83,41.95,41.99,42.77
2024-11-22 16:51:21.126,42.03,42.1,42.13,42.84
2024-11-22 16:51:23.858,42.23,42.3,42.21,43.06
2024-11-22 16:51:26.584,42.33,42.42,42.38,43.12
2024-11-22 16:51:29.313,42.54,42.63,42.42,43.39
2024-11-22 16:51:32.043,42.76,42.77,42.55,43.57
2024-11-22 16:51:34.772,42.95,42.99,42.73,43.72
2024-11-22 16:51:37.503,43.12,43.12,42.91,43.88
2024-11-22 16:51:40.231,43.29,43.3,42.97,44.05
2024-11-22 16:51:42.961,43.52,43.5,43.13,44.18
2024-11-22 16:51:45.690,43.72,43.66,43.3,44.34
2024-11-22 16:51:48.419,43.92,43.8,43.39,44.49
2024-11-22 16:51:51.149,44.11,43.94,43.55,44.66
2024-11-22 16:51:53.879,44.23,44.09,43.7,44.84
2024-11-22 16:51:56.609,44.45,44.21,43.82,44.94
2024-11-22 16:51:59.339,44.62,44.38,44.01,45.09
2024-11-22 16:52:02.069,44.76,44.54,44.1,45.32
2024-11-22 16:52:04.799,44.98,44.65,44.3,45.47
2024-11-22 16:52:07.529,45.13,44.84,44.45,45.66
2024-11-22 16:52:10.258,45.33,44.96,44.54,45.81
2024-11-22 16:52:12.987,45.43,45.09,44.7,45.91
2024-11-22 16:52:15.718,45.66,45.2,44.79,46.1
2024-11-22 16:52:18.447,45.76,45.34,44.96,46.24
2024-11-22 16:52:21.177,45.88,45.45,45.11,46.33
2024-11-22 16:52:23.907,45.96,45.61,45.18,46.47
2024-11-22 16:52:26.636,46.11,45.68,45.32,46.64
2024-11-22 16:52:29.367,46.28,45.84,45.47,46.78
2024-11-22 16:52:32.096,46.37,45.96,45.61,46.88
2024-11-22 16:52:34.826,46.5,46.03,45.73,47.09
2024-11-22 16:52:37.556,46.64,46.16,45.85,47.21
2024-11-22 16:52:40.286,46.79,46.23,45.95,47.26
2024-11-22 16:52:43.016,46.87,46.34,46.03,47.4
2024-11-22 16:52:45.746,46.98,46.48,46.18,47.5
2024-11-22 16:52:48.475,47.03,46.56,46.32,47.65
2024-11-22 16:52:51.204,47.19,46.66,46.41,47.75
2024-11-22 16:52:53.936,47.27,46.78,46.52,47.77
2024-11-22 16:52:56.667,47.34,46.86,46.61,47.9
2024-11-22 16:52:59.398,47.48,46.98,46.71,48.06
2024-11-22 16:53:02.125,47.55,47.11,46.8,48.05
2024-11-22 16:53:04.855,47.64,47.1,46.91,48.2
2024-11-22 16:53:07.586,47.69,47.13,47.0,48.29
2024-11-22 16:53:10.316,47.81,47.27,47.13,48.36
2024-11-22 16:53:13.045,47.84,47.28,47.23,48.43
2024-11-22 16:53:15.775,48.04,47.42,47.32,48.48
2024-11-22 16:53:18.504,48.05,47.48,47.37,48.58
2024-11-22 16:53:21.234,48.22,47.55,47.45,48.73
2024-11-22 16:53:23.964,48.18,47.55,47.55,48.73
2024-11-22 16:53:26.693,48.28,47.69,47.63,48.77
2024-11-22 16:53:29.423,48.31,47.69,47.77,48.9
2024-11-22 16:53:32.153,48.39,47.79,47.77,48.93
2024-11-22 16:53:34.882,48.46,47.84,47.88,48.98
2024-11-22 16:53:37.611,48.52,47.92,47.94,49.08
2024-11-22 16:53:40.340,48.63,47.94,48.01,49.12
2024-11-22 16:53:43.069,48.63,48.04,48.05,49.13
2024-11-22 16:53:45.799,48.71,48.07,48.11,49.26
2024-11-22 16:53:48.528,48.77,48.12,48.19,49.4
2024-11-22 16:53:51.260,48.84,48.19,48.27,49.39
2024-11-22 16:53:53.989,48.84,48.24,48.29,49.45
2024-11-22 16:53:56.718,48.95,48.33,48.36,49.5
2024-11-22 16:53:59.462,48.95,48.38,48.43,49.65
2024-11-22 16:54:02.176,48.93,48.36,48.45,49.62
2024-11-22 16:54:04.906,49.01,48.44,48.54,49.74
2024-11-22 16:54:07.636,49.07,48.48,48.58,49.8
2024-11-22 16:54:10.369,49.09,48.52,48.56,49.81
2024-11-22 16:54:13.097,49.09,48.53,48.63,49.79
2024-11-22 16:54:15.827,49.08,48.59,48.71,49.81
2024-11-22 16:54:18.557,49.2,48.59,48.82,49.92
2024-11-22 16:54:21.285,49.22,48.73,48.82,49.91
2024-11-22 16:54:24.015,49.23,48.65,48.88,49.91
2024-11-22 16:54:26.745,49.25,48.76,48.93,49.98
2024-11-22 16:54:29.474,49.3,48.77,48.95,50.02
2024-11-22 16:54:32.203,49.34,48.8,48.95,50.02
2024-11-22 16:54:34.931,49.32,48.78,49.05,50.11
2024-11-22 16:54:37.660,49.35,48.88,49.09,50.21
2024-11-22 16:54:40.390,49.37,48.88,49.1,50.2
2024-11-22 16:54:43.119,49.44,48.88,49.14,50.23
2024-11-22 16:54:45.849,49.35,48.87,49.21,50.27
2024-11-22 16:54:48.578,49.47,48.93,49.28,50.32
2024-11-22 16:54:51.308,49.45,48.95,49.22,50.31
2024-11-22 16:54:54.037,49.54,49.01,49.27,50.38
2024-11-22 16:54:56.767,49.49,49.09,49.3,50.34
2024-11-22 16:54:59.497,49.57,49.05,49.32,50.37
2024-11-22 16:55:02.226,49.56,49.02,49.4,50.39
2024-11-22 16:55:04.954,49.58,49.12,49.46,50.41
2024-11-22 16:55:07.686,49.62,49.13,49.47,50.39
2024-11-22 16:55:10.416,49.6,49.15,49.41,50.44
2024-11-22 16:55:13.144,49.67,49.19,49.54,50.47
2024-11-22 16:55:15.873,49.63,49.23,49.56,50.52
2024-11-22 16:55:18.603,49.71,49.26,49.54,50.41
2024-11-22 16:55:21.333,49.72,49.26,49.63,50.48
2024-11-22 16:55:24.062,49.77,49.39,49.65,50.49
2024-11-22 16:55:26.792,49.71,49.32,49.7,50.61
2024-11-22 16:55:29.521,49.73,49.41,49.72,50.58
2024-11-22 16:55:32.251,49.86,49.42,49.75,50.54
2024-11-22 16:55:34.980,49.86,49.44,49.8,50.63
2024-11-22 16:55:37.709,49.91,49.46,49.8,50.62
2024-11-22 16:55:40.446,49.88,49.46,49.75,50.66
2024-11-22 16:55:43.168,49.84,49.42,49.82,50.61
2024-11-22 16:55:45.898,49.91,49.47,49.77,50.69
2024-11-22 16:55:48.629,49.91,49.47,49.86,50.66
2024-11-22 16:55:51.357,49.86,49.42,49.8,50.73
2024-11-22 16:55:54.086,49.91,49.49,49.84,50.76
2024-11-22 16:55:56.815,49.92,49.5,49.86,50.66
2024-11-22 16:55:59.544,49.92,49.52,49.89,50.76
2024-11-22 16:56:02.273,49.89,49.47,49.95,50.76
2024-11-22 16:56:05.003,49.94,49.52,49.87,50.81
2024-11-22 16:56:07.732,49.92,49.52,49.91,50.78
2024-11-22 16:56:10.462,49.95,49.54,49.95,50.78
2024-11-22 16:56:13.193,50.0,49.57,49.94,50.8
2024-11-22 16:56:15.919,49.95,49.57,49.95,50.85
2024-11-22 16:56:18.649,49.97,49.58,50.04,50.91
2024-11-22 16:56:21.378,49.99,49.6,50.02,50.8
2024-11-22 16:56:24.109,50.09,49.63,50.04,50.83
2024-11-22 16:56:26.840,50.09,49.66,50.05,50.86
2024-11-22 16:56:29.567,50.14,49.64,49.97,50.86
2024-11-22 16:56:32.297,50.13,49.7,49.97,50.79
2024-11-22 16:56:35.026,50.18,49.75,50.02,50.88
2024-11-22 16:56:37.756,50.21,49.72,50.0,50.81
2024-11-22 16:56:40.485,50.12,49.67,49.97,50.88
2024-11-22 16:56:43.215,50.14,49.67,50.04,50.88
2024-11-22 16:56:45.944,50.12,49.71,50.02,50.88
2024-11-22 16:56:48.672,50.14,49.71,50.07,50.88
2024-11-22 16:56:51.401,50.04,49.71,50.02,50.83
2024-11-22 16:56:54.130,50.14,49.7,50.06,50.83
2024-11-22 16:56:56.859,50.14,49.72,50.06,50.83
2024-11-22 16:56:59.589,50.11,49.74,50.07,50.88
2024-11-22 16:57:02.320,50.06,49.71,50.09,50.85
2024-11-22 16:57:05.048,50.14,49.73,50.09,50.86
2024-11-22 16:57:07.777,50.06,49.71,50.0,50.86
2024-11-22 16:57:10.505,50.09,49.71,50.07,50.86
2024-11-22 16:57:13.234,49.99,49.66,50.09,50.88
2024-11-22 16:57:15.963,50.04,49.67,50.12,50.84
2024-11-22 16:57:18.692,50.0,49.64,50.06,50.88
2024-11-22 16:57:21.424,50.04,49.73,50.06,50.83
2024-11-22 16:57:24.152,50.09,49.71,50.09,50.88
2024-11-22 16:57:26.882,50.09,49.71,50.11,50.85
2024-11-22 16:57:29.610,50.02,49.67,50.13,50.81
2024-11-22 16:57:32.340,50.07,49.72,50.16,50.91
2024-11-22 16:57:35.068,50.05,49.72,50.12,50.89
2024-11-22 16:57:37.797,50.05,49.72,50.13,50.97
2024-11-22 16:57:40.527,50.02,49.72,50.16,50.99
2024-11-22 16:57:43.256,50.06,49.67,50.16,50.98
2024-11-22 16:57:45.986,50.06,49.72,50.14,50.91
2024-11-22 16:57:48.715,50.05,49.75,50.06,50.95
2024-11-22 16:57:51.462,50.02,49.73,50.22,51.01
2024-11-22 16:57:54.174,50.02,49.7,50.16,50.93
2024-11-22 16:57:56.903,50.16,49.75,50.22,50.98
2024-11-22 16:57:59.634,50.05,49.77,50.21,50.98
2024-11-22 16:58:02.365,50.12,49.77,50.23,50.98
2024-11-22 16:58:05.093,50.12,49.71,50.27,51.02
2024-11-22 16:58:07.823,50.18,49.79,50.22,50.95
2024-11-22 16:58:10.555,50.16,49.73,50.19,51.04
2024-11-22 16:58:13.282,50.09,49.77,50.24,51.01
2024-11-22 16:58:16.012,50.06,49.77,50.26,51.01
2024-11-22 16:58:18.742,50.06,49.8,50.27,51.01
2024-11-22 16:58:21.471,50.11,49.77,50.3,51.03
2024-11-22 16:58:24.201,50.16,49.84,50.29,51.03
2024-11-22 16:58:26.930,50.18,49.81,50.32,51.13
2024-11-22 16:58:29.660,50.16,49.87,50.29,51.09
2024-11-22 16:58:32.389,50.12,49.84,50.32,51.14
2024-11-22 16:58:35.120,50.18,49.84,50.3,51.11
2024-11-22 16:58:37.850,50.2,49.84,50.34,51.13
2024-11-22 16:58:40.579,50.19,49.84,50.29,51.08
2024-11-22 16:58:43.308,50.22,49.86,50.34,51.11
2024-11-22 16:58:46.038,50.16,49.91,50.38,51.13
2024-11-22 16:58:48.767,50.18,49.87,50.34,51.14
2024-11-22 16:58:51.497,50.2,49.84,50.34,51.12
2024-11-22 16:58:54.227,50.22,49.87,50.34,51.12
2024-11-22 16:58:56.958,50.14,49.86,50.3,51.13
2024-11-22 16:58:59.688,50.23,49.86,50.3,51.09
2024-11-22 16:59:02.417,50.23,49.86,50.31,51.06
2024-11-22 16:59:05.147,50.2,49.84,50.36,51.13
2024-11-22 16:59:07.876,50.12,49.92,50.32,51.01
2024-11-22 16:59:10.605,50.16,49.87,50.34,51.11
2024-11-22 16:59:13.334,50.12,49.87,50.32,51.11
2024-11-22 16:59:16.066,50.16,49.89,50.34,51.13
2024-11-22 16:59:18.796,50.13,49.86,50.32,51.09
2024-11-22 16:59:21.528,50.21,49.87,50.34,51.11
2024-11-22 16:59:24.253,50.11,49.89,50.37,51.08
2024-11-22 16:59:26.984,50.16,49.89,50.3,51.09
2024-11-22 16:59:29.715,50.22,49.84,50.34,51.06
2024-11-22 16:59:32.442,50.18,49.84,50.41,51.14
2024-11-22 16:59:35.173,50.18,49.87,50.39,51.11
2024-11-22 16:59:37.902,50.21,49.88,50.39,51.12
2024-11-22 16:59:40.632,50.21,49.92,50.36,51.11
2024-11-22 16:59:43.361,50.18,49.87,50.34,51.13
2024-11-22 16:59:46.092,50.22,49.84,50.31,51.04
2024-11-22 16:59:48.820,50.23,49.91,50.36,51.08
2024-11-22 16:59:51.551,50.21,49.91,50.38,51.16
2024-11-22 16:59:54.281,50.16,49.88,50.41,51.12
2024-11-22 16:59:57.010,50.18,49.86,50.41,51.09
2024-11-22 16:59:59.740,50.21,49.81,50.31,51.13
2024-11-22 17:00:02.469,50.13,49.91,50.38,51.09
2024-11-22 17:00:05.199,50.22,49.89,50.38,51.11
2024-11-22 17:00:07.930,50.16,49.88,50.34,51.16
2024-11-22 17:00:10.659,50.24,49.89,50.38,51.19
2024-11-22 17:00:13.389,50.27,49.89,50.34,51.18
2024-11-22 17:00:16.118,50.26,49.88,50.32,51.13
2024-11-22 17:00:18.848,50.18,49.87,50.37,51.16
2024-11-22 17:00:21.579,50.2,49.91,50.34,51.19
2024-11-22 17:00:24.310,50.21,49.89,50.39,51.13
2024-11-22 17:00:27.036,50.23,49.91,50.41,51.18
2024-11-22 17:00:29.766,50.22,49.88,50.36,51.16
2024-11-22 17:00:32.495,50.27,49.92,50.37,51.16
2024-11-22 17:00:35.225,50.19,49.91,50.38,51.12
2024-11-22 17:00:37.953,50.31,49.92,50.34,51.19
2024-11-22 17:00:40.683,50.27,49.97,50.38,51.16
2024-11-22 17:00:43.412,50.23,49.94,50.36,51.18
2024-11-22 17:00:46.141,50.21,49.88,50.41,51.13
2024-11-22 17:00:48.871,50.24,49.86,50.41,51.13
2024-11-22 17:00:51.602,50.22,49.87,50.39,51.14
2024-11-22 17:00:54.331,50.18,49.84,50.38,51.14
2024-11-22 17:00:57.061,50.22,49.88,50.34,51.2
2024-11-22 17:00:59.790,50.19,49.84,50.39,51.09
2024-11-22 17:01:02.520,50.18,49.84,50.34,51.11
2024-11-22 17:01:05.249,50.24,49.84,50.34,51.13
2024-11-22 17:01:07.978,50.19,49.82,50.34,51.09
2024-11-22 17:01:10.709,50.14,49.87,50.32,51.14
2024-11-22 17:01:13.438,50.24,49.89,50.41,51.16
2024-11-22 17:01:16.167,50.32,49.86,50.38,51.09
2024-11-22 17:01:18.899,50.31,49.95,50.41,51.18
2024-11-22 17:01:21.626,50.32,49.94,50.41,51.09
2024-11-22 17:01:24.355,50.36,49.98,50.41,51.09
2024-11-22 17:01:27.085,50.38,49.95,50.44,51.13
2024-11-22 17:01:29.815,50.3,49.94,50.41,51.09
2024-11-22 17:01:32.545,50.31,49.99,50.44,51.14
2024-11-22 17:01:35.273,50.3,49.97,50.41,51.12
2024-11-22 17:01:38.002,50.31,49.91,50.45,51.12
2024-11-22 17:01:40.731,50.26,49.92,50.37,51.09
2024-11-22 17:01:43.460,50.32,49.91,50.39,51.12
2024-11-22 17:01:46.190,50.3,49.91,50.36,51.09
2024-11-22 17:01:48.921,50.18,49.97,50.41,51.06
2024-11-22 17:01:51.650,50.16,49.97,50.38,51.03
2024-11-22 17:01:54.378,50.21,49.94,50.41,51.09
2024-11-22 17:01:57.107,50.2,49.89,50.37,51.06
2024-11-22 17:01:59.836,50.22,49.89,50.36,51.03
2024-11-22 17:02:02.567,50.2,49.91,50.36,51.06
2024-11-22 17:02:05.294,50.22,49.98,50.37,51.05
2024-11-22 17:02:08.027,50.26,49.97,50.38,51.09
2024-11-22 17:02:10.754,50.29,49.99,50.34,51.12
2024-11-22 17:02:13.483,50.29,49.95,50.41,51.09
2024-11-22 17:02:16.213,50.23,49.94,50.41,51.09
2024-11-22 17:02:18.942,50.31,49.95,50.38,51.05
2024-11-22 17:02:21.671,50.27,49.95,50.41,51.06
2024-11-22 17:02:24.400,50.3,49.97,50.41,51.09
2024-11-22 17:02:27.133,50.27,49.95,50.34,51.09
2024-11-22 17:02:29.861,50.34,49.94,50.41,51.12
2024-11-22 17:02:32.591,50.16,49.96,50.44,51.12
2024-11-22 17:02:35.320,50.19,49.95,50.41,51.06
2024-11-22 17:02:38.049,50.27,49.89,50.3,51.09
2024-11-22 17:02:40.778,50.27,49.91,50.41,51.08
2024-11-22 17:02:43.508,50.2,49.91,50.39,51.09
2024-11-22 17:02:46.239,50.18,49.86,50.41,51.09
2024-11-22 17:02:48.969,50.21,49.84,50.38,51.06
2024-11-22 17:02:51.698,50.19,49.96,50.31,51.09
2024-11-22 17:02:54.428,50.18,49.84,50.29,51.11
2024-11-22 17:02:57.157,50.14,49.91,50.37,51.09
2024-11-22 17:02:59.887,50.18,49.89,50.34,51.03
2024-11-22 17:03:02.616,50.19,49.91,50.34,51.06
2024-11-22 17:03:05.346,50.2,49.89,50.41,51.09
2024-11-22 17:03:08.075,50.14,49.82,50.34,51.05
2024-11-22 17:03:10.804,50.23,49.88,50.37,51.06
2024-11-22 17:03:13.534,50.13,49.88,50.38,51.09
2024-11-22 17:03:16.263,50.16,49.87,50.41,51.11
2024-11-22 17:03:18.993,50.23,49.91,50.36,51.14
2024-11-22 17:03:21.722,50.16,49.84,50.41,51.11
2024-11-22 17:03:24.453,50.27,49.88,50.38,51.09
2024-11-22 17:03:27.182,50.24,49.88,50.34,51.13
2024-11-22 17:03:29.911,50.19,49.84,50.38,51.08
2024-11-22 17:03:32.642,50.2,49.91,50.37,51.05
2024-11-22 17:03:35.370,50.22,49.89,50.41,51.13
2024-11-22 17:03:38.102,50.29,49.88,50.38,51.09
2024-11-22 17:03:40.829,50.24,50.02,50.41,51.13
2024-11-22 17:03:43.561,50.3,49.89,50.44,51.16
2024-11-22 17:03:46.290,50.19,49.96,50.38,51.09
2024-11-22 17:03:49.018,50.2,49.84,50.39,51.09
2024-11-22 17:03:51.747,50.16,49.87,50.37,51.12
2024-11-22 17:03:54.478,50.16,49.82,50.34,51.05
2024-11-22 17:03:57.207,50.16,49.82,50.38,51.09
2024-11-22 17:03:59.936,50.2,49.88,50.37,51.13
2024-11-22 17:04:02.666,50.19,49.89,50.32,51.11
2024-11-22 17:04:05.395,50.23,49.88,50.41,51.11
2024-11-22 17:04:08.125,50.27,49.91,50.46,51.11
2024-11-22 17:04:10.854,50.27,49.89,50.43,51.14
2024-11-22 17:04:13.583,50.22,49.92,50.34,51.12
2024-11-22 17:04:16.312,50.22,49.91,50.41,51.16
2024-11-22 17:04:19.042,50.21,49.91,50.34,51.11
2024-11-22 17:04:21.774,50.22,49.91,50.44,51.16
2024-11-22 17:04:24.503,50.21,49.91,50.37,51.09
2024-11-22 17:04:27.233,50.19,49.88,50.41,51.11
2024-11-22 17:04:29.962,50.16,49.92,50.37,51.11
2024-11-22 17:04:32.691,50.24,49.98,50.39,51.12
2024-11-22 17:04:35.423,50.24,49.91,50.43,51.09
2024-11-22 17:04:38.153,50.24,49.92,50.46,51.08
2024-11-22 17:04:40.883,50.24,49.86,50.34,51.11
2024-11-22 17:04:43.612,50.18,49.86,50.41,51.09
2024-11-22 17:04:46.340,50.29,49.91,50.48,51.09
2024-11-22 17:04:49.069,50.24,49.91,50.46,51.12
2024-11-22 17:04:51.798,50.27,49.97,50.46,51.21
2024-11-22 17:04:54.527,50.3,49.91,50.41,51.16
2024-11-22 17:04:57.255,50.3,49.92,50.48,51.16
2024-11-22 17:04:59.986,50.31,49.94,50.41,51.04
2024-11-22 17:05:02.714,50.27,49.97,50.41,51.13
2024-11-22 17:05:05.444,50.27,49.94,50.44,51.09
2024-11-22 17:05:08.174,50.31,49.92,50.45,51.12
2024-11-22 17:05:10.903,50.31,49.98,50.43,51.12
2024-11-22 17:05:13.633,50.31,50.0,50.45,51.11
2024-11-22 17:05:16.362,50.34,50.02,50.38,51.09
2024-11-22 17:05:19.093,50.27,49.96,50.43,51.09
2024-11-22 17:05:21.822,50.32,49.92,50.47,51.09
2024-11-22 17:05:24.552,50.24,49.97,50.37,51.03
2024-11-22 17:05:27.281,50.21,49.94,50.37,51.11
2024-11-22 17:05:30.010,50.26,49.94,50.41,51.09
2024-11-22 17:05:32.739,50.29,49.94,50.41,51.11
2024-11-22 17:05:35.468,50.26,49.99,50.41,51.09
2024-11-22 17:05:38.198,50.29,49.96,50.43,51.08
2024-11-22 17:05:40.930,50.27,49.91,50.45,51.01
2024-11-22 17:05:43.660,50.24,49.87,50.43,51.03
2024-11-22 17:05:46.391,50.21,49.92,50.43,51.06
2024-11-22 17:05:49.119,50.29,49.91,50.41,51.13
2024-11-22 17:05:51.849,50.23,49.89,50.46,51.14
2024-11-22 17:05:54.577,50.22,49.97,50.41,51.06
2024-11-22 17:05:57.308,50.23,49.92,50.43,51.06
2024-11-22 17:06:00.037,50.23,49.95,50.39,51.06
2024-11-22 17:06:02.767,50.23,49.91,50.43,51.05
2024-11-22 17:06:05.497,50.18,50.0,50.46,51.06
2024-11-22 17:06:08.226,50.29,49.91,50.41,51.09
2024-11-22 17:06:10.956,50.19,49.95,50.44,51.12
2024-11-22 17:06:13.685,50.22,50.0,50.47,51.14
2024-11-22 17:06:16.417,50.24,49.95,50.39,51.11
2024-11-22 17:06:19.146,50.23,49.88,50.44,51.08
2024-11-22 17:06:21.876,50.22,49.92,50.46,51.11
2024-11-22 17:06:24.604,50.24,49.95,50.44,51.14
2024-11-22 17:06:27.333,50.22,49.91,50.47,51.2
2024-11-22 17:06:30.062,50.27,49.97,50.46,51.09
2024-11-22 17:06:32.792,50.24,49.95,50.46,51.12
2024-11-22 17:06:35.524,50.19,49.92,50.41,51.12
2024-11-22 17:06:38.254,50.14,49.91,50.43,51.19
2024-11-22 17:06:40.984,50.27,49.88,50.49,51.18
2024-11-22 17:06:43.714,50.2,49.86,50.48,51.12
2024-11-22 17:06:46.444,50.23,49.89,50.51,51.11
2024-11-22 17:06:49.174,50.21,49.92,50.45,51.14
2024-11-22 17:06:51.903,50.27,49.96,50.48,51.13
2024-11-22 17:06:54.637,50.3,49.99,50.46,51.18
2024-11-22 17:06:57.365,50.27,49.98,50.46,51.09
2024-11-22 17:07:00.095,50.27,49.95,50.45,51.2
2024-11-22 17:07:02.824,50.34,49.92,50.39,51.19
2024-11-22 17:07:05.555,50.3,49.98,50.46,51.18
2024-11-22 17:07:08.284,50.24,49.94,50.45,51.16
2024-11-22 17:07:11.014,50.27,49.96,50.45,51.18
2024-11-22 17:07:13.747,50.27,49.91,50.48,51.12
2024-11-22 17:07:16.477,50.31,49.99,50.46,51.09
2024-11-22 17:07:19.207,50.32,49.98,50.41,51.11
2024-11-22 17:07:21.936,50.31,50.02,50.46,51.06
2024-11-22 17:07:24.666,50.32,50.0,50.48,51.11
2024-11-22 17:07:27.395,50.24,49.96,50.39,51.09
2024-11-22 17:07:30.126,50.26,49.97,50.48,51.06
2024-11-22 17:07:32.856,50.23,49.99,50.46,51.09
2024-11-22 17:07:35.585,50.23,49.89,50.36,51.05
2024-11-22 17:07:38.314,50.14,49.87,50.43,51.09
2024-11-22 17:07:41.043,50.29,49.95,50.47,51.03
2024-11-22 17:07:43.773,50.2,49.96,50.43,51.09
2024-11-22 17:07:46.504,50.24,49.97,50.41,51.05
2024-11-22 17:07:49.233,50.26,49.97,50.45,51.08
2024-11-22 17:07:51.965,50.16,49.96,50.45,51.02
2024-11-22 17:07:54.694,50.32,49.96,50.52,51.08
2024-11-22 17:07:57.423,50.19,49.92,50.41,51.09
2024-11-22 17:08:00.152,50.23,49.94,50.44,51.12
2024-11-22 17:08:02.881,50.21,49.96,50.46,51.09
2024-11-22 17:08:05.614,50.27,49.89,50.41,51.09
2024-11-22 17:08:08.339,50.26,49.92,50.45,51.06
2024-11-22 17:08:11.071,50.13,49.91,50.41,51.08
2024-11-22 17:08:13.800,50.24,49.86,50.41,51.12
2024-11-22 17:08:16.529,50.27,50.02,50.43,51.16
2024-11-22 17:08:19.259,50.32,49.91,50.43,51.05
2024-11-22 17:08:21.988,50.27,49.96,50.45,51.05
2024-11-22 17:08:24.717,50.23,49.96,50.51,51.09
2024-11-22 17:08:27.445,50.27,49.88,50.46,51.09
2024-11-22 17:08:30.176,50.24,49.94,50.47,51.09
2024-11-22 17:08:32.905,50.31,49.94,50.44,51.12
2024-11-22 17:08:35.634,50.27,49.97,50.46,51.11
2024-11-22 17:08:38.362,50.23,49.96,50.46,51.13
2024-11-22 17:08:41.091,50.27,49.91,50.46,51.12
2024-11-22 17:08:43.820,50.31,49.92,50.46,51.11
2024-11-22 17:08:46.549,50.3,49.92,50.47,51.13
2024-11-22 17:08:49.281,50.34,49.92,50.46,51.09
2024-11-22 17:08:52.010,50.29,49.89,50.46,51.13
2024-11-22 17:08:54.740,50.27,49.94,50.46,51.09
2024-11-22 17:08:57.469,50.27,49.91,50.49,51.16
