ts,voltage,temp
2025-02-06 16:15:00,1.1426,28.32
2025-02-06 16:15:02,1.1426,28.32
2025-02-06 16:15:04,1.1475,28.57
2025-02-06 16:15:06,1.1475,28.82
2025-02-06 16:15:08,1.1426,28.57
2025-02-06 16:15:10,1.1475,28.82
2025-02-06 16:15:12,1.1475,28.82
2025-02-06 16:15:14,1.1475,28.82
2025-02-06 16:15:16,1.1475,28.82
2025-02-06 16:15:18,1.1426,28.57
2025-02-06 16:15:20,1.1475,28.57
2025-02-06 16:15:22,1.1572,28.82
2025-02-06 16:15:24,1.1475,28.57
2025-02-06 16:15:26,1.1475,28.57
2025-02-06 16:15:28,1.1523,28.82
2025-02-06 16:15:30,1.1572,28.82
2025-02-06 16:15:32,1.1475,28.82
2025-02-06 16:15:34,1.1523,28.57
2025-02-06 16:15:36,1.1523,28.82
2025-02-06 16:15:38,1.1523,29.07
2025-02-06 16:15:40,1.1572,29.32
2025-02-06 16:15:42,1.1523,29.07
2025-02-06 16:15:44,1.1572,29.07
2025-02-06 16:15:46,1.1523,29.07
2025-02-06 16:15:48,1.1572,29.32
2025-02-06 16:15:50,1.1523,29.07
2025-02-06 16:15:52,1.1621,29.07
2025-02-06 16:15:54,1.1523,29.07
2025-02-06 16:15:56,1.1475,29.07
2025-02-06 16:15:58,1.1523,29.07
2025-02-06 16:16:00,1.1572,29.57
2025-02-06 16:16:02,1.1523,29.32
2025-02-06 16:16:04,1.1572,29.07
2025-02-06 16:16:06,1.1621,29.57
2025-02-06 16:16:08,1.1523,29.07
2025-02-06 16:16:10,1.1572,29.57
2025-02-06 16:16:12,1.1572,29.57
2025-02-06 16:16:14,1.1572,29.57
2025-02-06 16:16:16,1.1621,29.57
2025-02-06 16:16:18,1.1572,29.57
2025-02-06 16:16:20,1.1523,29.32
2025-02-06 16:16:22,1.1572,29.32
2025-02-06 16:16:24,1.1572,29.57
2025-02-06 16:16:26,1.1523,29.07
2025-02-06 16:16:28,1.1523,29.57
2025-02-06 16:16:30,1.1621,29.82
2025-02-06 16:16:32,1.1572,29.57
2025-02-06 16:16:34,1.1572,29.82
2025-02-06 16:16:36,1.1572,29.57
2025-02-06 16:16:38,1.1572,29.82
2025-02-06 16:16:40,1.1572,29.82
2025-02-06 16:16:42,1.167,29.82
2025-02-06 16:16:44,1.1523,29.32
2025-02-06 16:16:46,1.1572,29.82
2025-02-06 16:16:48,1.1523,29.32
2025-02-06 16:16:50,1.1572,29.82
2025-02-06 16:16:52,1.1572,29.57
2025-02-06 16:16:54,1.167,30.07
2025-02-06 16:16:56,1.1572,29.57
2025-02-06 16:16:58,1.1621,29.57
2025-02-06 16:17:00,1.1621,29.57
2025-02-06 16:17:02,1.1572,29.57
2025-02-06 16:17:04,1.1572,29.57
2025-02-06 16:17:06,1.1621,29.82
2025-02-06 16:17:08,1.1621,29.82
2025-02-06 16:17:10,1.1621,29.57
2025-02-06 16:17:12,1.1572,29.57
2025-02-06 16:17:14,1.1572,29.57
2025-02-06 16:17:16,1.1621,29.82
2025-02-06 16:17:18,1.1572,29.32
2025-02-06 16:17:20,1.1621,30.07
2025-02-06 16:17:22,1.1621,29.57
2025-02-06 16:17:24,1.167,29.57
2025-02-06 16:17:26,1.1621,29.82
2025-02-06 16:17:28,1.1572,29.82
2025-02-06 16:17:30,1.1572,29.57
2025-02-06 16:17:32,1.1572,30.07
2025-02-06 16:17:34,1.1572,29.57
2025-02-06 16:17:36,1.1621,29.82
2025-02-06 16:17:38,1.1572,30.07
2025-02-06 16:17:40,1.1621,29.57
2025-02-06 16:17:42,1.1621,30.07
2025-02-06 16:17:44,1.1572,29.82
2025-02-06 16:17:46,1.167,30.07
2025-02-06 16:17:48,1.1621,29.82
2025-02-06 16:17:50,1.1621,30.32
2025-02-06 16:17:52,1.1621,29.82
2025-02-06 16:17:54,1.167,30.07
2025-02-06 16:17:56,1.1621,30.07
2025-02-06 16:17:58,1.1572,30.07
2025-02-06 16:18:00,1.1621,30.32
2025-02-06 16:18:02,1.1621,29.82
2025-02-06 16:18:04,1.1621,30.07
2025-02-06 16:18:06,1.1572,29.82
2025-02-06 16:18:08,1.1621,30.32
2025-02-06 16:18:10,1.1621,30.07
2025-02-06 16:18:12,1.1621,30.07
2025-02-06 16:18:14,1.1572,30.32
2025-02-06 16:18:16,1.1572,30.32
2025-02-06 16:18:18,1.1572,30.32
2025-02-06 16:18:20,1.1572,30.07
2025-02-06 16:18:22,1.167,30.32
2025-02-06 16:18:24,1.1572,30.07
2025-02-06 16:18:26,1.1572,30.07
2025-02-06 16:18:28,1.1572,30.32
2025-02-06 16:18:30,1.1572,30.32
2025-02-06 16:18:32,1.1621,30.57
2025-02-06 16:18:34,1.1523,30.07
2025-02-06 16:18:36,1.1572,30.07
2025-02-06 16:18:38,1.1621,30.57
2025-02-06 16:18:40,1.167,30.32
2025-02-06 16:18:42,1.1572,30.07
2025-02-06 16:18:44,1.1523,30.07
2025-02-06 16:18:46,1.167,30.82
2025-02-06 16:18:48,1.1572,30.07
2025-02-06 16:18:50,1.1572,30.82
2025-02-06 16:18:52,1.167,31.07
2025-02-06 16:18:54,1.1523,30.57
2025-02-06 16:18:56,1.1572,30.07
2025-02-06 16:18:58,1.1523,30.07
2025-02-06 16:19:00,1.1621,30.32
2025-02-06 16:19:02,1.167,30.82
2025-02-06 16:19:04,1.1572,30.07
2025-02-06 16:19:06,1.167,30.57
2025-02-06 16:19:08,1.1572,30.57
2025-02-06 16:19:10,1.1572,30.07
2025-02-06 16:19:12,1.1572,30.07
2025-02-06 16:19:14,1.1523,30.07
2025-02-06 16:19:16,1.1572,30.57
2025-02-06 16:19:18,1.167,30.82
2025-02-06 16:19:20,1.1572,30.07
2025-02-06 16:19:22,1.1572,30.32
2025-02-06 16:19:24,1.1572,30.32
2025-02-06 16:19:26,1.1572,30.07
2025-02-06 16:19:28,1.167,30.32
2025-02-06 16:19:30,1.1572,30.32
2025-02-06 16:19:32,1.1621,30.32
2025-02-06 16:19:34,1.1572,30.07
2025-02-06 16:19:36,1.167,30.82
2025-02-06 16:19:38,1.167,30.82
2025-02-06 16:19:40,1.167,31.07
2025-02-06 16:19:42,1.167,30.32
2025-02-06 16:19:44,1.167,30.32
2025-02-06 16:19:46,1.1621,30.82
2025-02-06 16:19:48,1.167,30.82
2025-02-06 16:19:50,1.1572,30.07
2025-02-06 16:19:52,1.1621,30.07
2025-02-06 16:19:54,1.1572,30.32
2025-02-06 16:19:56,1.1621,30.32
2025-02-06 16:19:58,1.1572,30.57
2025-02-06 16:20:00,1.1621,30.82
2025-02-06 16:20:02,1.1572,30.32
2025-02-06 16:20:04,1.167,30.57
2025-02-06 16:20:06,1.1621,30.82
2025-02-06 16:20:08,1.167,30.57
2025-02-06 16:20:10,1.1621,30.57
2025-02-06 16:20:12,1.1572,30.32
2025-02-06 16:20:14,1.1621,30.57
2025-02-06 16:20:16,1.1621,30.57
2025-02-06 16:20:18,1.1621,30.32
2025-02-06 16:20:20,1.1621,30.32
2025-02-06 16:20:22,1.1621,30.57
2025-02-06 16:20:24,1.1621,30.07
2025-02-06 16:20:26,1.167,30.57
2025-02-06 16:20:28,1.1719,30.57
2025-02-06 16:20:30,1.1523,30.57
2025-02-06 16:20:32,1.1572,30.82
2025-02-06 16:20:34,1.167,30.82
2025-02-06 16:20:36,1.1572,30.57
2025-02-06 16:20:38,1.1621,30.82
2025-02-06 16:20:40,1.167,30.82
2025-02-06 16:20:42,1.1621,30.57
2025-02-06 16:20:44,1.1621,30.57
2025-02-06 16:20:46,1.1572,30.32
2025-02-06 16:20:48,1.1621,30.82
2025-02-06 16:20:50,1.1621,30.57
2025-02-06 16:20:52,1.1572,30.82
2025-02-06 16:20:54,1.1621,30.82
2025-02-06 16:20:56,1.167,31.07
2025-02-06 16:20:58,1.167,30.57
2025-02-06 16:21:00,1.1621,30.57
2025-02-06 16:21:02,1.1572,30.82
2025-02-06 16:21:04,1.1621,30.57
2025-02-06 16:21:06,1.1621,31.07
2025-02-06 16:21:08,1.1621,30.82
2025-02-06 16:21:10,1.1572,30.57
2025-02-06 16:21:12,1.1621,30.57
2025-02-06 16:21:14,1.1572,30.82
2025-02-06 16:21:16,1.167,30.57
2025-02-06 16:21:18,1.167,31.07
2025-02-06 16:21:20,1.1621,30.82
2025-02-06 16:21:22,1.1621,30.82
2025-02-06 16:21:24,1.167,30.57
2025-02-06 16:21:26,1.1621,31.07
2025-02-06 16:21:28,1.1523,31.07
2025-02-06 16:21:30,1.1572,30.57
2025-02-06 16:21:32,1.1621,30.82
2025-02-06 16:21:34,1.167,30.57
2025-02-06 16:21:36,1.167,31.07
2025-02-06 16:21:38,1.1572,31.07
2025-02-06 16:21:40,1.1621,30.57
2025-02-06 16:21:42,1.1572,31.07
2025-02-06 16:21:44,1.1572,30.82
2025-02-06 16:21:46,1.167,30.82
2025-02-06 16:21:48,1.1621,31.32
2025-02-06 16:21:50,1.1621,31.07
2025-02-06 16:21:52,1.167,30.82
2025-02-06 16:21:54,1.167,31.32
2025-02-06 16:21:56,1.1572,30.82
2025-02-06 16:21:58,1.1572,30.82
2025-02-06 16:22:00,1.1621,31.07
2025-02-06 16:22:02,1.1572,31.32
2025-02-06 16:22:04,1.167,31.32
2025-02-06 16:22:06,1.1572,30.82
2025-02-06 16:22:08,1.1572,30.82
2025-02-06 16:22:10,1.1572,31.07
2025-02-06 16:22:12,1.167,31.32
2025-02-06 16:22:14,1.167,31.32
2025-02-06 16:22:16,1.167,31.32
2025-02-06 16:22:18,1.167,31.32
2025-02-06 16:22:20,1.1621,31.32
2025-02-06 16:22:22,1.1523,31.07
2025-02-06 16:22:24,1.1572,30.82
2025-02-06 16:22:26,1.167,31.32
2025-02-06 16:22:28,1.1572,31.07
2025-02-06 16:22:30,1.167,31.32
2025-02-06 16:22:32,1.1572,30.82
2025-02-06 16:22:34,1.1572,31.07
2025-02-06 16:22:36,1.1621,30.82
2025-02-06 16:22:38,1.1572,31.07
2025-02-06 16:22:40,1.1719,31.07
2025-02-06 16:22:42,1.1572,30.82
2025-02-06 16:22:44,1.1621,31.07
2025-02-06 16:22:46,1.1621,31.07
2025-02-06 16:22:48,1.167,31.32
2025-02-06 16:22:50,1.167,31.32
2025-02-06 16:22:52,1.1621,30.82
2025-02-06 16:22:54,1.1572,30.82
2025-02-06 16:22:56,1.167,31.32
2025-02-06 16:22:58,1.1621,31.07
2025-02-06 16:23:00,1.1621,31.07
2025-02-06 16:23:02,1.167,31.07
2025-02-06 16:23:04,1.1572,30.57
2025-02-06 16:23:06,1.1621,31.07
2025-02-06 16:23:08,1.1719,31.32
2025-02-06 16:23:10,1.1621,31.32
2025-02-06 16:23:12,1.167,31.32
2025-02-06 16:23:14,1.167,31.07
2025-02-06 16:23:16,1.1572,30.82
2025-02-06 16:23:18,1.1572,30.82
2025-02-06 16:23:20,1.1621,30.82
2025-02-06 16:23:22,1.1621,30.82
2025-02-06 16:23:24,1.167,31.32
2025-02-06 16:23:26,1.1621,30.82
2025-02-06 16:23:28,1.167,30.82
2025-02-06 16:23:30,1.167,31.32
2025-02-06 16:23:32,1.167,31.32
2025-02-06 16:23:34,1.1621,30.82
2025-02-06 16:23:36,1.1572,30.57
2025-02-06 16:23:38,1.1621,31.07
2025-02-06 16:23:40,1.167,31.32
2025-02-06 16:23:42,1.1621,31.07
2025-02-06 16:23:44,1.1572,31.07
2025-02-06 16:23:46,1.1621,30.82
2025-02-06 16:23:48,1.1621,30.82
2025-02-06 16:23:50,1.1621,31.07
2025-02-06 16:23:52,1.167,31.07
2025-02-06 16:23:54,1.167,30.82
2025-02-06 16:23:56,1.167,31.07
2025-02-06 16:23:58,1.1621,31.07
2025-02-06 16:24:00,1.1621,31.07
2025-02-06 16:24:02,1.167,31.07
2025-02-06 16:24:04,1.1621,30.82
2025-02-06 16:24:06,1.1572,31.07
2025-02-06 16:24:08,1.1621,31.07
2025-02-06 16:24:10,1.1572,30.57
2025-02-06 16:24:12,1.1621,31.07
2025-02-06 16:24:14,1.1621,31.07
2025-02-06 16:24:16,1.1621,31.07
2025-02-06 16:24:18,1.1572,31.07
2025-02-06 16:24:20,1.167,31.07
2025-02-06 16:24:22,1.1621,31.07
2025-02-06 16:24:24,1.1621,31.32
2025-02-06 16:24:26,1.1621,31.07
2025-02-06 16:24:28,1.1621,31.07
2025-02-06 16:24:30,1.1621,30.82
2025-02-06 16:24:32,1.1572,31.32
2025-02-06 16:24:34,1.1621,31.07
2025-02-06 16:24:36,1.1621,31.07
2025-02-06 16:24:38,1.1621,30.82
2025-02-06 16:24:40,1.167,31.07
2025-02-06 16:24:42,1.1572,31.07
2025-02-06 16:24:44,1.167,31.07
2025-02-06 16:24:46,1.1572,31.32
2025-02-06 16:24:48,1.1621,31.07
2025-02-06 16:24:50,1.1621,31.32
2025-02-06 16:24:52,1.1572,31.07
2025-02-06 16:24:54,1.167,31.07
2025-02-06 16:24:56,1.1572,31.07
2025-02-06 16:24:58,1.1572,31.07
2025-02-06 16:25:00,1.1572,30.82
2025-02-06 16:25:02,1.1572,31.07
2025-02-06 16:25:04,1.1621,31.07
2025-02-06 16:25:06,1.1572,31.07
2025-02-06 16:25:08,1.1572,31.07
2025-02-06 16:25:10,1.167,31.57
2025-02-06 16:25:12,1.1621,31.07
2025-02-06 16:25:14,1.167,31.57
2025-02-06 16:25:16,1.1572,31.07
2025-02-06 16:25:18,1.1572,30.82
2025-02-06 16:25:20,1.1621,31.57
2025-02-06 16:25:22,1.1572,31.07
2025-02-06 16:25:24,1.1621,31.57
2025-02-06 16:25:26,1.167,31.57
2025-02-06 16:25:28,1.1572,31.07
2025-02-06 16:25:30,1.167,31.57
2025-02-06 16:25:32,1.167,31.57
2025-02-06 16:25:34,1.1572,31.07
2025-02-06 16:25:36,1.167,31.32
2025-02-06 16:25:38,1.167,31.57
2025-02-06 16:25:40,1.1621,31.07
2025-02-06 16:25:42,1.167,31.57
2025-02-06 16:25:44,1.167,31.57
2025-02-06 16:25:46,1.167,31.57
2025-02-06 16:25:48,1.1572,31.07
2025-02-06 16:25:50,1.167,31.07
2025-02-06 16:25:52,1.167,30.82
2025-02-06 16:25:54,1.1621,31.07
2025-02-06 16:25:56,1.1621,31.32
2025-02-06 16:25:58,1.1572,31.32
2025-02-06 16:26:00,1.1572,31.57
2025-02-06 16:26:02,1.167,31.32
2025-02-06 16:26:04,1.1572,30.82
2025-02-06 16:26:06,1.1572,31.32
2025-02-06 16:26:08,1.1621,31.32
2025-02-06 16:26:10,1.1621,31.32
2025-02-06 16:26:12,1.1621,31.07
2025-02-06 16:26:14,1.1621,30.82
2025-02-06 16:26:16,1.1621,31.07
2025-02-06 16:26:18,1.1621,30.82
2025-02-06 16:26:20,1.1572,31.07
2025-02-06 16:26:22,1.167,31.32
2025-02-06 16:26:24,1.1572,30.82
2025-02-06 16:26:26,1.1572,31.07
2025-02-06 16:26:28,1.1621,31.32
2025-02-06 16:26:30,1.1621,31.32
2025-02-06 16:26:32,1.1572,31.07
2025-02-06 16:26:34,1.1621,31.82
2025-02-06 16:26:36,1.1621,31.32
2025-02-06 16:26:38,1.1621,30.82
2025-02-06 16:26:40,1.167,31.57
2025-02-06 16:26:42,1.1572,31.07
2025-02-06 16:26:44,1.1621,31.32
2025-02-06 16:26:46,1.167,31.32
2025-02-06 16:26:48,1.1572,31.07
2025-02-06 16:26:50,1.1621,31.32
2025-02-06 16:26:52,1.1572,31.32
2025-02-06 16:26:54,1.1621,31.32
2025-02-06 16:26:56,1.167,31.32
2025-02-06 16:26:58,1.1621,31.32
2025-02-06 16:26:59,1.1572,31.32
2025-02-06 16:27:02,1.1621,31.32
2025-02-06 16:27:04,1.1621,31.07
2025-02-06 16:27:06,1.167,31.82
2025-02-06 16:27:08,1.1572,31.07
2025-02-06 16:27:10,1.167,31.82
2025-02-06 16:27:11,1.1621,31.57
2025-02-06 16:27:13,1.1572,31.07
2025-02-06 16:27:15,1.1572,31.32
2025-02-06 16:27:18,1.1572,31.07
2025-02-06 16:27:19,1.1621,31.57
2025-02-06 16:27:22,1.167,31.32
2025-02-06 16:27:24,1.1572,31.57
2025-02-06 16:27:25,1.1621,31.32
2025-02-06 16:27:27,1.1572,31.57
2025-02-06 16:27:29,1.1621,31.57
2025-02-06 16:27:31,1.1523,31.82
2025-02-06 16:27:33,1.1572,31.32
2025-02-06 16:27:35,1.1621,31.57
2025-02-06 16:27:37,1.1621,31.82
2025-02-06 16:27:39,1.1621,31.82
2025-02-06 16:27:41,1.1621,31.57
2025-02-06 16:27:43,1.1621,31.57
2025-02-06 16:27:45,1.1621,31.57
2025-02-06 16:27:47,1.1621,31.32
2025-02-06 16:27:49,1.167,31.57
2025-02-06 16:27:51,1.1572,31.32
2025-02-06 16:27:53,1.1572,31.32
2025-02-06 16:27:55,1.167,31.57
2025-02-06 16:27:57,1.1621,31.32
2025-02-06 16:27:59,1.1621,31.32
2025-02-06 16:28:01,1.1621,31.32
2025-02-06 16:28:03,1.1719,31.82
2025-02-06 16:28:05,1.1572,31.32
2025-02-06 16:28:07,1.1621,31.32
2025-02-06 16:28:09,1.1572,31.32
2025-02-06 16:28:11,1.167,31.82
2025-02-06 16:28:13,1.1572,31.32
2025-02-06 16:28:15,1.167,31.82
2025-02-06 16:28:17,1.1572,31.32
2025-02-06 16:28:19,1.1621,31.32
2025-02-06 16:28:21,1.1572,31.32
2025-02-06 16:28:23,1.1621,31.32
2025-02-06 16:28:25,1.1572,31.32
2025-02-06 16:28:27,1.1621,31.82
2025-02-06 16:28:29,1.167,31.82
2025-02-06 16:28:31,1.167,31.82
2025-02-06 16:28:33,1.1621,31.07
2025-02-06 16:28:35,1.1621,31.82
2025-02-06 16:28:37,1.1572,31.32
2025-02-06 16:28:39,1.167,31.82
2025-02-06 16:28:41,1.167,31.82
2025-02-06 16:28:43,1.167,32.07
2025-02-06 16:28:45,1.167,31.32
2025-02-06 16:28:47,1.1719,31.82
2025-02-06 16:28:49,1.1621,31.32
2025-02-06 16:28:51,1.167,31.57
2025-02-06 16:28:53,1.1719,32.07
2025-02-06 16:28:55,1.1572,31.07
2025-02-06 16:28:57,1.167,31.82
2025-02-06 16:28:59,1.1621,31.32
2025-02-06 16:29:01,1.1621,31.32
2025-02-06 16:29:03,1.167,31.82
2025-02-06 16:29:05,1.1621,31.32
2025-02-06 16:29:07,1.167,31.82
2025-02-06 16:29:09,1.1621,31.07
2025-02-06 16:29:11,1.1621,31.07
2025-02-06 16:29:13,1.1719,31.82
2025-02-06 16:29:15,1.1572,31.32
2025-02-06 16:29:17,1.1621,31.32
2025-02-06 16:29:19,1.1621,31.57
2025-02-06 16:29:21,1.1621,31.07
2025-02-06 16:29:23,1.167,31.82
2025-02-06 16:29:25,1.167,31.82
2025-02-06 16:29:27,1.1572,31.32
2025-02-06 16:29:29,1.1621,31.57
2025-02-06 16:29:31,1.1572,31.32
2025-02-06 16:29:33,1.1572,31.32
2025-02-06 16:29:35,1.1572,31.07
2025-02-06 16:29:37,1.1621,31.32
2025-02-06 16:29:39,1.1572,31.57
2025-02-06 16:29:41,1.1621,31.32
2025-02-06 16:29:43,1.1621,31.32
2025-02-06 16:29:45,1.1719,31.57
2025-02-06 16:29:47,1.1621,31.32
2025-02-06 16:29:49,1.167,31.57
2025-02-06 16:29:51,1.1572,31.57
2025-02-06 16:29:53,1.1621,31.57
2025-02-06 16:29:55,1.167,31.32
2025-02-06 16:29:57,1.1572,31.07
2025-02-06 16:29:59,1.1621,31.57
2025-02-06 16:30:01,1.1572,31.32
2025-02-06 16:30:03,1.1621,31.32
2025-02-06 16:30:05,1.1572,31.07
2025-02-06 16:30:07,1.1621,31.32
2025-02-06 16:30:09,1.1572,31.57
2025-02-06 16:30:11,1.1621,31.57
2025-02-06 16:30:13,1.1621,31.57
2025-02-06 16:30:15,1.167,31.57
2025-02-06 16:30:17,1.167,31.32
2025-02-06 16:30:19,1.1621,31.57
2025-02-06 16:30:21,1.1621,31.32
2025-02-06 16:30:23,1.167,31.57
2025-02-06 16:30:25,1.1621,31.32
2025-02-06 16:30:27,1.1621,31.32
2025-02-06 16:30:29,1.1572,31.32
2025-02-06 16:30:31,1.1572,31.57
2025-02-06 16:30:33,1.167,31.82
2025-02-06 16:30:35,1.1572,31.32
2025-02-06 16:30:37,1.1621,31.57
2025-02-06 16:30:39,1.167,31.82
2025-02-06 16:30:41,1.1621,31.07
2025-02-06 16:30:43,1.1621,31.57
2025-02-06 16:30:45,1.1572,31.32
2025-02-06 16:30:47,1.1572,31.57
2025-02-06 16:30:49,1.1621,31.57
2025-02-06 16:30:51,1.167,31.57
2025-02-06 16:30:53,1.1621,31.82
2025-02-06 16:30:55,1.1572,31.82
2025-02-06 16:30:57,1.1621,31.57
2025-02-06 16:30:59,1.1621,31.82
2025-02-06 16:31:01,1.1572,31.32
2025-02-06 16:31:03,1.1621,31.57
2025-02-06 16:31:05,1.1572,31.32
2025-02-06 16:31:07,1.1621,31.57
2025-02-06 16:31:09,1.1572,31.57
2025-02-06 16:31:11,1.1572,32.07
2025-02-06 16:31:13,1.1621,31.57
2025-02-06 16:31:15,1.167,31.82
2025-02-06 16:31:17,1.1621,31.57
2025-02-06 16:31:19,1.1621,31.82
2025-02-06 16:31:21,1.1572,31.32
2025-02-06 16:31:23,1.1572,31.32
2025-02-06 16:31:25,1.167,31.82
2025-02-06 16:31:27,1.167,32.07
2025-02-06 16:31:29,1.1621,31.57
2025-02-06 16:31:31,1.167,31.82
2025-02-06 16:31:33,1.1621,31.57
2025-02-06 16:31:35,1.1572,31.57
2025-02-06 16:31:37,1.1621,31.57
2025-02-06 16:31:39,1.167,32.07
2025-02-06 16:31:41,1.1572,31.32
2025-02-06 16:31:43,1.167,31.82
2025-02-06 16:31:45,1.167,31.82
2025-02-06 16:31:47,1.1572,31.57
2025-02-06 16:31:49,1.1621,31.57
2025-02-06 16:31:51,1.1621,31.57
2025-02-06 16:31:53,1.167,32.07
2025-02-06 16:31:55,1.1572,31.32
2025-02-06 16:31:57,1.167,31.57
2025-02-06 16:31:59,1.167,31.82
2025-02-06 16:32:01,1.167,31.82
2025-02-06 16:32:03,1.1621,31.57
2025-02-06 16:32:05,1.1621,31.32
2025-02-06 16:32:07,1.1621,31.32
2025-02-06 16:32:09,1.167,31.82
2025-02-06 16:32:11,1.1572,31.32
2025-02-06 16:32:13,1.1719,31.82
2025-02-06 16:32:15,1.1621,31.32
2025-02-06 16:32:17,1.167,31.82
2025-02-06 16:32:19,1.1719,31.82
2025-02-06 16:32:21,1.1621,31.57
2025-02-06 16:32:23,1.167,31.57
2025-02-06 16:32:25,1.167,31.82
2025-02-06 16:32:27,1.167,32.07
2025-02-06 16:32:29,1.1719,31.57
2025-02-06 16:32:31,1.1719,32.07
2025-02-06 16:32:33,1.167,31.57
2025-02-06 16:32:35,1.1572,31.32
2025-02-06 16:32:37,1.1621,31.32
2025-02-06 16:32:39,1.1572,31.57
2025-02-06 16:32:41,1.1621,31.82
2025-02-06 16:32:43,1.167,31.57
2025-02-06 16:32:45,1.1621,31.57
2025-02-06 16:32:47,1.167,31.57
2025-02-06 16:32:49,1.1621,31.82
2025-02-06 16:32:51,1.1621,31.32
2025-02-06 16:32:53,1.167,31.32
2025-02-06 16:32:55,1.1621,31.57
2025-02-06 16:32:57,1.1621,31.57
2025-02-06 16:32:59,1.1621,31.82
2025-02-06 16:33:01,1.1572,31.82
2025-02-06 16:33:03,1.1621,31.57
2025-02-06 16:33:05,1.1572,31.57
2025-02-06 16:33:07,1.1621,31.82
2025-02-06 16:33:09,1.167,31.57
2025-02-06 16:33:11,1.1621,31.57
2025-02-06 16:33:13,1.167,31.32
2025-02-06 16:33:15,1.167,31.32
2025-02-06 16:33:17,1.1621,31.57
2025-02-06 16:33:19,1.1621,31.32
2025-02-06 16:33:21,1.1621,31.32
2025-02-06 16:33:23,1.167,31.57
2025-02-06 16:33:25,1.1572,31.82
2025-02-06 16:33:27,1.1621,31.82
2025-02-06 16:33:29,1.1621,31.57
2025-02-06 16:33:31,1.167,31.82
2025-02-06 16:33:33,1.1572,31.82
2025-02-06 16:33:35,1.1572,31.57
2025-02-06 16:33:37,1.1621,31.57
2025-02-06 16:33:39,1.1621,31.82
2025-02-06 16:33:41,1.167,31.57
2025-02-06 16:33:43,1.1621,31.57
2025-02-06 16:33:45,1.1572,31.82
2025-02-06 16:33:47,1.1572,31.57
2025-02-06 16:33:49,1.1572,31.32
2025-02-06 16:33:51,1.167,31.82
2025-02-06 16:33:53,1.1621,31.32
2025-02-06 16:33:55,1.1572,31.82
2025-02-06 16:33:57,1.1621,31.32
2025-02-06 16:33:59,1.1621,31.57
2025-02-06 16:34:01,1.1621,31.57
2025-02-06 16:34:03,1.167,31.82
2025-02-06 16:34:05,1.1621,31.57
2025-02-06 16:34:07,1.1621,31.82
2025-02-06 16:34:09,1.167,32.07
2025-02-06 16:34:11,1.1621,31.32
2025-02-06 16:34:13,1.1621,31.57
2025-02-06 16:34:15,1.1621,31.82
2025-02-06 16:34:17,1.167,32.07
2025-02-06 16:34:19,1.1572,31.32
2025-02-06 16:34:21,1.1621,31.57
2025-02-06 16:34:23,1.1621,31.82
2025-02-06 16:34:25,1.1719,32.07
2025-02-06 16:34:27,1.1621,31.82
2025-02-06 16:34:29,1.167,32.07
2025-02-06 16:34:31,1.167,31.82
2025-02-06 16:34:33,1.167,31.82
2025-02-06 16:34:35,1.1621,31.82
2025-02-06 16:34:37,1.1572,31.57
2025-02-06 16:34:39,1.1621,31.82
2025-02-06 16:34:41,1.167,31.82
2025-02-06 16:34:43,1.1621,31.57
2025-02-06 16:34:45,1.167,31.82
2025-02-06 16:34:47,1.1621,31.57
2025-02-06 16:34:49,1.1621,31.57
2025-02-06 16:34:51,1.167,31.82
2025-02-06 16:34:53,1.167,31.57
2025-02-06 16:34:55,1.1621,31.82
2025-02-06 16:34:57,1.167,31.82
2025-02-06 16:34:59,1.1621,31.57
2025-02-06 16:35:01,1.1621,31.57
2025-02-06 16:35:03,1.1621,31.57
2025-02-06 16:35:05,1.1572,31.57
2025-02-06 16:35:07,1.1621,31.57
2025-02-06 16:35:09,1.167,32.32
2025-02-06 16:35:11,1.167,31.57
2025-02-06 16:35:13,1.1621,31.57
2025-02-06 16:35:15,1.1621,31.57
2025-02-06 16:35:17,1.167,32.07
2025-02-06 16:35:19,1.1621,31.32
2025-02-06 16:35:21,1.1621,31.57
2025-02-06 16:35:23,1.167,31.82
2025-02-06 16:35:25,1.1572,31.32
2025-02-06 16:35:27,1.1719,32.07
2025-02-06 16:35:29,1.167,31.57
2025-02-06 16:35:31,1.167,31.57
2025-02-06 16:35:33,1.1572,31.82
2025-02-06 16:35:35,1.1621,31.82
2025-02-06 16:35:37,1.1572,31.57
2025-02-06 16:35:39,1.167,31.82
2025-02-06 16:35:41,1.1719,31.57
2025-02-06 16:35:43,1.167,31.57
2025-02-06 16:35:45,1.1621,31.32
2025-02-06 16:35:47,1.167,31.82
2025-02-06 16:35:49,1.167,31.82
2025-02-06 16:35:51,1.167,31.82
2025-02-06 16:35:53,1.1572,32.07
2025-02-06 16:35:55,1.1621,31.57
2025-02-06 16:35:57,1.167,32.07
2025-02-06 16:35:59,1.1621,31.82
2025-02-06 16:36:01,1.167,32.07
2025-02-06 16:36:03,1.1621,31.57
2025-02-06 16:36:05,1.1572,31.82
2025-02-06 16:36:07,1.1621,31.57
2025-02-06 16:36:09,1.1621,31.82
2025-02-06 16:36:11,1.1621,31.82
2025-02-06 16:36:13,1.1621,31.82
2025-02-06 16:36:15,1.1621,31.82
2025-02-06 16:36:17,1.1572,32.07
2025-02-06 16:36:19,1.167,31.57
2025-02-06 16:36:21,1.167,31.82
2025-02-06 16:36:23,1.1621,31.82
2025-02-06 16:36:25,1.1572,32.07
2025-02-06 16:36:27,1.167,32.07
2025-02-06 16:36:29,1.1621,32.07
2025-02-06 16:36:31,1.1621,31.82
2025-02-06 16:36:33,1.1621,31.32
2025-02-06 16:36:35,1.167,31.82
2025-02-06 16:36:37,1.1572,31.82
2025-02-06 16:36:39,1.167,31.82
2025-02-06 16:36:41,1.1572,31.82
2025-02-06 16:36:43,1.1572,32.07
2025-02-06 16:36:45,1.167,32.07
2025-02-06 16:36:47,1.1621,31.82
2025-02-06 16:36:49,1.1621,32.07
2025-02-06 16:36:51,1.1621,31.82
2025-02-06 16:36:53,1.1621,31.82
2025-02-06 16:36:55,1.1621,32.07
2025-02-06 16:36:57,1.1621,32.07
2025-02-06 16:36:59,1.1621,31.82
2025-02-06 16:37:01,1.1572,32.07
2025-02-06 16:37:03,1.1621,32.07
2025-02-06 16:37:05,1.1621,32.07
2025-02-06 16:37:07,1.1621,31.57
2025-02-06 16:37:09,1.1572,32.07
2025-02-06 16:37:11,1.1621,31.82
2025-02-06 16:37:13,1.1572,31.57
2025-02-06 16:37:15,1.1572,31.57
2025-02-06 16:37:17,1.1572,31.57
2025-02-06 16:37:19,1.1572,31.57
2025-02-06 16:37:21,1.167,31.82
2025-02-06 16:37:23,1.167,32.32
2025-02-06 16:37:25,1.1572,31.57
2025-02-06 16:37:27,1.1572,31.57
2025-02-06 16:37:29,1.1572,31.57
2025-02-06 16:37:31,1.1621,31.57
2025-02-06 16:37:33,1.1572,31.82
2025-02-06 16:37:35,1.1572,31.57
2025-02-06 16:37:37,1.167,32.32
2025-02-06 16:37:39,1.167,31.82
2025-02-06 16:37:41,1.167,32.32
2025-02-06 16:37:43,1.1621,31.82
2025-02-06 16:37:45,1.1621,32.07
2025-02-06 16:37:47,1.167,32.32
2025-02-06 16:37:49,1.1621,31.57
2025-02-06 16:37:51,1.1621,31.82
2025-02-06 16:37:53,1.1572,31.57
2025-02-06 16:37:55,1.167,32.32
2025-02-06 16:37:57,1.167,31.82
2025-02-06 16:37:59,1.1621,32.07
2025-02-06 16:38:01,1.1621,31.82
2025-02-06 16:38:03,1.167,31.82
2025-02-06 16:38:05,1.1621,31.57
2025-02-06 16:38:07,1.1621,32.07
2025-02-06 16:38:09,1.1621,31.82
2025-02-06 16:38:11,1.167,32.32
2025-02-06 16:38:13,1.1621,31.82
2025-02-06 16:38:15,1.1572,31.57
2025-02-06 16:38:17,1.167,32.07
2025-02-06 16:38:19,1.1621,32.07
2025-02-06 16:38:21,1.167,32.32
2025-02-06 16:38:23,1.1572,31.57
2025-02-06 16:38:25,1.1621,31.57
2025-02-06 16:38:27,1.1621,31.57
2025-02-06 16:38:29,1.1621,31.57
2025-02-06 16:38:31,1.1572,31.57
2025-02-06 16:38:33,1.1621,31.57
2025-02-06 16:38:35,1.1621,31.82
2025-02-06 16:38:37,1.1621,31.57
2025-02-06 16:38:39,1.1621,31.82
2025-02-06 16:38:41,1.1621,31.57
2025-02-06 16:38:43,1.1621,32.07
2025-02-06 16:38:45,1.1621,31.82
2025-02-06 16:38:47,1.1572,32.07
2025-02-06 16:38:49,1.167,31.57
2025-02-06 16:38:51,1.167,31.82
2025-02-06 16:38:53,1.1621,31.82
2025-02-06 16:38:55,1.167,31.82
2025-02-06 16:38:57,1.1621,31.82
2025-02-06 16:38:59,1.1621,31.57
2025-02-06 16:39:01,1.1572,32.07
2025-02-06 16:39:03,1.1572,31.32
2025-02-06 16:39:05,1.1572,32.07
2025-02-06 16:39:07,1.1572,31.57
2025-02-06 16:39:09,1.1621,31.82
2025-02-06 16:39:11,1.1572,32.07
2025-02-06 16:39:13,1.167,31.82
2025-02-06 16:39:15,1.1719,31.32
2025-02-06 16:39:17,1.1621,32.07
2025-02-06 16:39:19,1.1621,31.82
2025-02-06 16:39:21,1.167,32.07
2025-02-06 16:39:23,1.1621,32.07
2025-02-06 16:39:25,1.167,31.82
2025-02-06 16:39:27,1.1621,31.82
2025-02-06 16:39:29,1.1621,31.82
2025-02-06 16:39:31,1.1621,31.82
2025-02-06 16:39:33,1.1572,31.57
2025-02-06 16:39:35,1.1572,31.82
2025-02-06 16:39:37,1.1621,32.07
2025-02-06 16:39:39,1.1572,31.82
2025-02-06 16:39:41,1.1621,31.82
2025-02-06 16:39:43,1.1621,32.07
2025-02-06 16:39:45,1.1621,32.07
2025-02-06 16:39:47,1.1621,31.82
2025-02-06 16:39:49,1.1621,31.82
2025-02-06 16:39:51,1.167,32.07
2025-02-06 16:39:53,1.1621,32.07
2025-02-06 16:39:55,1.1621,32.07
2025-02-06 16:39:57,1.167,32.07
2025-02-06 16:39:59,1.1572,31.82
2025-02-06 16:40:01,1.1621,31.82
2025-02-06 16:40:03,1.1621,32.07
2025-02-06 16:40:05,1.1621,32.07
2025-02-06 16:40:07,1.1621,32.07
2025-02-06 16:40:09,1.1621,32.07
2025-02-06 16:40:11,1.1572,32.07
2025-02-06 16:40:13,1.1621,32.07
2025-02-06 16:40:15,1.1621,32.07
2025-02-06 16:40:17,1.1621,32.07
2025-02-06 16:40:19,1.1572,31.82
2025-02-06 16:40:21,1.1572,32.57
2025-02-06 16:40:23,1.1621,32.07
2025-02-06 16:40:25,1.1621,32.07
2025-02-06 16:40:27,1.1572,31.82
2025-02-06 16:40:29,1.1572,31.82
2025-02-06 16:40:31,1.1621,32.07
2025-02-06 16:40:33,1.167,32.07
2025-02-06 16:40:35,1.167,32.32
2025-02-06 16:40:37,1.1621,32.07
2025-02-06 16:40:39,1.1621,31.82
2025-02-06 16:40:41,1.1621,31.82
2025-02-06 16:40:43,1.1621,31.82
2025-02-06 16:40:45,1.1621,32.07
2025-02-06 16:40:47,1.1621,32.07
2025-02-06 16:40:49,1.1572,31.82
2025-02-06 16:40:51,1.1572,31.82
2025-02-06 16:40:53,1.1621,31.82
2025-02-06 16:40:55,1.1621,31.82
2025-02-06 16:40:57,1.1621,31.82
2025-02-06 16:40:59,1.1621,32.07
2025-02-06 16:41:01,1.1572,31.57
2025-02-06 16:41:03,1.1621,32.07
2025-02-06 16:41:05,1.1621,32.07
2025-02-06 16:41:07,1.1572,32.07
2025-02-06 16:41:09,1.1621,32.07
2025-02-06 16:41:11,1.167,32.32
2025-02-06 16:41:13,1.167,32.32
2025-02-06 16:41:15,1.1621,32.07
2025-02-06 16:41:17,1.167,32.32
2025-02-06 16:41:19,1.167,32.32
2025-02-06 16:41:21,1.167,32.32
2025-02-06 16:41:23,1.167,31.82
2025-02-06 16:41:25,1.1621,32.32
2025-02-06 16:41:27,1.167,31.82
2025-02-06 16:41:29,1.1621,31.82
2025-02-06 16:41:31,1.1572,32.07
2025-02-06 16:41:33,1.1621,32.07
2025-02-06 16:41:35,1.167,32.07
2025-02-06 16:41:37,1.167,32.32
2025-02-06 16:41:39,1.167,32.32
2025-02-06 16:41:41,1.1572,31.57
2025-02-06 16:41:43,1.1572,31.57
2025-02-06 16:41:45,1.167,32.32
2025-02-06 16:41:47,1.1621,31.82
2025-02-06 16:41:49,1.1719,32.32
2025-02-06 16:41:51,1.1621,31.82
2025-02-06 16:41:53,1.167,32.07
2025-02-06 16:41:55,1.167,32.32
2025-02-06 16:41:57,1.1621,32.07
2025-02-06 16:41:59,1.1621,31.57
2025-02-06 16:42:01,1.167,32.32
2025-02-06 16:42:03,1.1621,31.82
2025-02-06 16:42:05,1.1621,31.57
2025-02-06 16:42:07,1.167,31.82
2025-02-06 16:42:09,1.1719,32.32
2025-02-06 16:42:11,1.1719,32.32
2025-02-06 16:42:13,1.1621,32.07
2025-02-06 16:42:15,1.1621,32.07
2025-02-06 16:42:17,1.1572,31.82
2025-02-06 16:42:19,1.1572,31.82
2025-02-06 16:42:21,1.1572,32.32
2025-02-06 16:42:23,1.1572,31.57
2025-02-06 16:42:25,1.1572,32.32
2025-02-06 16:42:27,1.167,32.07
2025-02-06 16:42:29,1.1621,31.82
2025-02-06 16:42:31,1.1572,32.07
2025-02-06 16:42:33,1.1572,31.57
2025-02-06 16:42:35,1.1621,32.07
2025-02-06 16:42:37,1.1621,32.07
2025-02-06 16:42:39,1.1621,31.82
2025-02-06 16:42:41,1.1572,32.07
2025-02-06 16:42:43,1.167,31.82
2025-02-06 16:42:45,1.1621,32.07
2025-02-06 16:42:47,1.1621,32.07
2025-02-06 16:42:49,1.1572,31.32
2025-02-06 16:42:51,1.1572,32.07
2025-02-06 16:42:53,1.167,31.82
2025-02-06 16:42:55,1.1572,32.07
2025-02-06 16:42:57,1.1621,32.07
2025-02-06 16:42:59,1.1572,32.07
2025-02-06 16:43:01,1.1621,32.07
2025-02-06 16:43:03,1.167,32.07
2025-02-06 16:43:05,1.1621,32.07
2025-02-06 16:43:07,1.1572,32.32
2025-02-06 16:43:09,1.1621,32.07
2025-02-06 16:43:11,1.1621,32.32
2025-02-06 16:43:13,1.1621,32.07
2025-02-06 16:43:15,1.1621,31.57
2025-02-06 16:43:17,1.1621,32.07
2025-02-06 16:43:19,1.167,32.07
2025-02-06 16:43:21,1.1621,32.07
2025-02-06 16:43:23,1.167,32.07
2025-02-06 16:43:25,1.167,32.07
2025-02-06 16:43:27,1.1572,32.07
2025-02-06 16:43:29,1.167,32.07
2025-02-06 16:43:31,1.1621,31.82
2025-02-06 16:43:33,1.1621,31.82
2025-02-06 16:43:35,1.1621,32.07
2025-02-06 16:43:37,1.1621,31.82
2025-02-06 16:43:39,1.167,32.07
2025-02-06 16:43:41,1.1572,32.57
2025-02-06 16:43:43,1.1621,31.82
2025-02-06 16:43:45,1.1572,32.57
2025-02-06 16:43:47,1.167,32.57
2025-02-06 16:43:49,1.1621,32.07
2025-02-06 16:43:51,1.1621,32.57
2025-02-06 16:43:53,1.1621,31.82
2025-02-06 16:43:55,1.1621,32.07
2025-02-06 16:43:57,1.1621,32.32
2025-02-06 16:43:59,1.1621,32.32
2025-02-06 16:44:01,1.167,32.32
2025-02-06 16:44:03,1.1572,31.82
2025-02-06 16:44:05,1.1621,31.82
2025-02-06 16:44:07,1.1621,32.32
2025-02-06 16:44:09,1.1621,32.07
2025-02-06 16:44:11,1.1621,32.07
2025-02-06 16:44:13,1.1621,31.82
2025-02-06 16:44:15,1.1719,32.32
2025-02-06 16:44:17,1.1719,32.32
2025-02-06 16:44:19,1.1719,32.32
2025-02-06 16:44:21,1.167,32.32
2025-02-06 16:44:23,1.1621,32.07
2025-02-06 16:44:25,1.167,32.32
2025-02-06 16:44:27,1.1572,32.07
2025-02-06 16:44:29,1.1621,32.32
2025-02-06 16:44:31,1.1621,32.07
2025-02-06 16:44:33,1.167,32.32
2025-02-06 16:44:35,1.1719,32.32
2025-02-06 16:44:37,1.1572,32.07
2025-02-06 16:44:39,1.167,32.32
2025-02-06 16:44:41,1.167,32.32
2025-02-06 16:44:43,1.167,32.32
2025-02-06 16:44:45,1.167,32.32
2025-02-06 16:44:47,1.167,32.32
2025-02-06 16:44:49,1.167,32.32
2025-02-06 16:44:51,1.1572,32.07
2025-02-06 16:44:53,1.1621,32.07
2025-02-06 16:44:55,1.1572,31.82
2025-02-06 16:44:57,1.167,32.32
2025-02-06 16:44:59,1.1621,31.82
2025-02-06 16:45:01,1.1621,32.07
2025-02-06 16:45:03,1.1621,32.07
2025-02-06 16:45:05,1.1621,32.32
2025-02-06 16:45:07,1.1621,32.07
2025-02-06 16:45:09,1.1621,32.07
2025-02-06 16:45:11,1.1621,32.07
2025-02-06 16:45:13,1.167,32.32
2025-02-06 16:45:15,1.1621,31.82
2025-02-06 16:45:17,1.1621,31.82
2025-02-06 16:45:19,1.1621,31.82
2025-02-06 16:45:21,1.1572,31.82
2025-02-06 16:45:23,1.1621,32.07
2025-02-06 16:45:25,1.167,32.07
2025-02-06 16:45:27,1.1572,31.82
2025-02-06 16:45:29,1.167,31.82
2025-02-06 16:45:31,1.1621,32.07
2025-02-06 16:45:33,1.167,32.07
2025-02-06 16:45:35,1.167,32.07
2025-02-06 16:45:37,1.1572,31.82
2025-02-06 16:45:39,1.1572,32.07
2025-02-06 16:45:41,1.1621,31.82
2025-02-06 16:45:43,1.1621,32.32
2025-02-06 16:45:45,1.167,32.07
2025-02-06 16:45:47,1.1621,31.57
2025-02-06 16:45:49,1.167,32.07
2025-02-06 16:45:51,1.1621,31.82
2025-02-06 16:45:53,1.1572,32.07
2025-02-06 16:45:55,1.1719,31.82
2025-02-06 16:45:57,1.1621,32.07
2025-02-06 16:45:59,1.1621,32.07
2025-02-06 16:46:01,1.1621,32.07
2025-02-06 16:46:03,1.1621,32.32
2025-02-06 16:46:05,1.1621,31.82
2025-02-06 16:46:07,1.1621,32.32
2025-02-06 16:46:09,1.1621,32.07
2025-02-06 16:46:11,1.1572,32.57
2025-02-06 16:46:13,1.167,31.82
2025-02-06 16:46:15,1.1621,32.32
2025-02-06 16:46:17,1.167,32.07
2025-02-06 16:46:19,1.1621,32.07
2025-02-06 16:46:21,1.1621,32.07
2025-02-06 16:46:23,1.167,32.07
2025-02-06 16:46:25,1.1621,31.82
2025-02-06 16:46:27,1.1621,32.07
2025-02-06 16:46:29,1.1572,31.82
2025-02-06 16:46:31,1.1572,32.57
2025-02-06 16:46:33,1.1572,32.07
2025-02-06 16:46:35,1.1621,32.57
2025-02-06 16:46:37,1.1572,32.07
2025-02-06 16:46:39,1.1621,32.07
2025-02-06 16:46:41,1.1572,32.07
2025-02-06 16:46:43,1.1621,32.32
2025-02-06 16:46:45,1.167,32.07
2025-02-06 16:46:47,1.1621,32.07
2025-02-06 16:46:49,1.1572,32.07
2025-02-06 16:46:51,1.1621,32.07
2025-02-06 16:46:53,1.1621,32.32
2025-02-06 16:46:55,1.1621,32.07
2025-02-06 16:46:57,1.1621,32.07
2025-02-06 16:46:59,1.1621,32.57
2025-02-06 16:47:01,1.167,32.57
2025-02-06 16:47:03,1.1572,32.32
2025-02-06 16:47:05,1.1621,32.32
2025-02-06 16:47:07,1.1621,32.07
2025-02-06 16:47:09,1.167,32.57
2025-02-06 16:47:11,1.167,32.32
2025-02-06 16:47:13,1.1572,32.07
2025-02-06 16:47:15,1.1523,32.57
2025-02-06 16:47:17,1.167,32.32
2025-02-06 16:47:19,1.1572,32.57
2025-02-06 16:47:21,1.167,32.32
2025-02-06 16:47:23,1.1572,32.32
2025-02-06 16:47:25,1.1621,32.32
2025-02-06 16:47:27,1.1572,32.57
2025-02-06 16:47:29,1.1621,31.82
2025-02-06 16:47:31,1.1572,31.82
2025-02-06 16:47:33,1.1621,32.32
2025-02-06 16:47:35,1.1572,32.57
2025-02-06 16:47:37,1.167,32.32
2025-02-06 16:47:39,1.167,32.57
2025-02-06 16:47:41,1.1621,32.07
2025-02-06 16:47:43,1.1621,32.57
2025-02-06 16:47:45,1.1621,32.32
2025-02-06 16:47:47,1.1621,32.07
2025-02-06 16:47:49,1.1572,32.07
2025-02-06 16:47:51,1.167,32.32
2025-02-06 16:47:53,1.1621,32.32
2025-02-06 16:47:55,1.1572,31.82
2025-02-06 16:47:57,1.1621,32.32
2025-02-06 16:47:59,1.167,32.57
2025-02-06 16:48:01,1.1572,32.57
2025-02-06 16:48:03,1.167,32.32
2025-02-06 16:48:05,1.1572,32.57
2025-02-06 16:48:07,1.167,32.32
2025-02-06 16:48:09,1.1572,32.07
2025-02-06 16:48:11,1.1621,32.32
2025-02-06 16:48:13,1.1621,32.07
2025-02-06 16:48:15,1.167,32.32
2025-02-06 16:48:17,1.1621,32.07
2025-02-06 16:48:19,1.1621,32.07
2025-02-06 16:48:21,1.1621,32.07
2025-02-06 16:48:23,1.1621,32.32
2025-02-06 16:48:25,1.1572,32.07
2025-02-06 16:48:27,1.1621,32.07
2025-02-06 16:48:29,1.1572,32.07
2025-02-06 16:48:31,1.1621,32.07
2025-02-06 16:48:33,1.1572,32.07
2025-02-06 16:48:35,1.1621,32.32
2025-02-06 16:48:37,1.1572,32.07
2025-02-06 16:48:39,1.1621,32.07
2025-02-06 16:48:41,1.167,32.07
2025-02-06 16:48:43,1.167,32.32
2025-02-06 16:48:45,1.1719,32.32
2025-02-06 16:48:47,1.1621,32.07
2025-02-06 16:48:49,1.1572,32.07
2025-02-06 16:48:51,1.167,32.32
2025-02-06 16:48:53,1.1719,32.32
2025-02-06 16:48:55,1.1621,32.07
2025-02-06 16:48:57,1.1719,32.32
2025-02-06 16:48:59,1.1621,32.07
2025-02-06 16:49:01,1.1719,32.32
2025-02-06 16:49:03,1.1621,32.07
2025-02-06 16:49:05,1.1621,32.07
2025-02-06 16:49:07,1.1621,32.07
2025-02-06 16:49:09,1.1621,32.32
2025-02-06 16:49:11,1.1621,32.07
2025-02-06 16:49:13,1.1621,32.07
2025-02-06 16:49:15,1.167,32.32
2025-02-06 16:49:17,1.167,32.07
2025-02-06 16:49:19,1.167,32.07
2025-02-06 16:49:21,1.167,31.82
2025-02-06 16:49:23,1.1719,32.57
2025-02-06 16:49:25,1.1621,31.82
2025-02-06 16:49:27,1.1621,31.82
2025-02-06 16:49:29,1.167,32.32
2025-02-06 16:49:31,1.1572,31.82
2025-02-06 16:49:33,1.1572,31.82
2025-02-06 16:49:35,1.167,32.32
2025-02-06 16:49:37,1.1621,31.82
2025-02-06 16:49:39,1.1621,31.82
2025-02-06 16:49:41,1.1621,32.07
2025-02-06 16:49:43,1.1572,31.82
2025-02-06 16:49:45,1.1572,32.07
2025-02-06 16:49:47,1.1621,32.07
2025-02-06 16:49:49,1.1572,31.82
2025-02-06 16:49:51,1.167,32.32
2025-02-06 16:49:53,1.1572,32.57
2025-02-06 16:49:55,1.1572,31.82
2025-02-06 16:49:57,1.1621,32.57
2025-02-06 16:49:59,1.1572,32.57
2025-02-06 16:50:01,1.1572,32.57
2025-02-06 16:50:03,1.1572,32.57
2025-02-06 16:50:05,1.1621,32.07
2025-02-06 16:50:07,1.1572,32.57
2025-02-06 16:50:09,1.167,32.32
2025-02-06 16:50:11,1.1572,32.57
2025-02-06 16:50:13,1.1621,32.32
2025-02-06 16:50:15,1.1621,32.07
2025-02-06 16:50:17,1.1621,32.32
2025-02-06 16:50:19,1.1572,32.32
2025-02-06 16:50:21,1.167,32.57
2025-02-06 16:50:23,1.167,32.57
2025-02-06 16:50:25,1.1621,32.32
2025-02-06 16:50:27,1.167,32.32
2025-02-06 16:50:29,1.1621,32.32
2025-02-06 16:50:31,1.1621,31.82
2025-02-06 16:50:33,1.1572,32.07
2025-02-06 16:50:35,1.1621,31.82
2025-02-06 16:50:37,1.167,32.32
2025-02-06 16:50:39,1.1621,32.57
2025-02-06 16:50:41,1.1572,31.82
2025-02-06 16:50:43,1.1572,31.82
2025-02-06 16:50:45,1.167,32.32
2025-02-06 16:50:47,1.1621,31.82
2025-02-06 16:50:49,1.167,32.32
2025-02-06 16:50:51,1.1572,32.57
2025-02-06 16:50:53,1.1621,32.32
2025-02-06 16:50:55,1.1621,31.82
2025-02-06 16:50:57,1.1621,32.07
2025-02-06 16:50:59,1.1572,32.07
2025-02-06 16:51:01,1.1621,32.57
2025-02-06 16:51:03,1.167,32.57
2025-02-06 16:51:05,1.167,32.32
2025-02-06 16:51:07,1.1572,32.57
2025-02-06 16:51:09,1.1621,32.07
2025-02-06 16:51:11,1.1572,32.57
2025-02-06 16:51:13,1.1621,32.32
2025-02-06 16:51:15,1.1572,32.07
2025-02-06 16:51:17,1.1621,32.07
2025-02-06 16:51:19,1.1572,32.07
2025-02-06 16:51:21,1.167,32.32
2025-02-06 16:51:23,1.1621,32.07
2025-02-06 16:51:25,1.1572,32.07
2025-02-06 16:51:27,1.1621,32.07
2025-02-06 16:51:29,1.167,32.32
2025-02-06 16:51:31,1.1621,32.07
2025-02-06 16:51:33,1.167,32.32
2025-02-06 16:51:35,1.1621,32.07
2025-02-06 16:51:37,1.167,32.32
2025-02-06 16:51:39,1.167,32.32
2025-02-06 16:51:41,1.1621,32.32
2025-02-06 16:51:43,1.1621,32.32
2025-02-06 16:51:45,1.167,32.32
2025-02-06 16:51:47,1.1572,32.07
2025-02-06 16:51:49,1.1572,32.07
2025-02-06 16:51:51,1.1572,32.07
2025-02-06 16:51:53,1.1621,32.07
2025-02-06 16:51:55,1.1621,32.07
2025-02-06 16:51:57,1.1621,32.07
2025-02-06 16:51:59,1.1572,32.07
2025-02-06 16:52:01,1.1621,32.07
2025-02-06 16:52:03,1.1621,32.07
2025-02-06 16:52:05,1.1621,32.07
2025-02-06 16:52:07,1.167,32.32
2025-02-06 16:52:09,1.1719,32.07
2025-02-06 16:52:11,1.167,32.32
2025-02-06 16:52:13,1.1621,32.07
2025-02-06 16:52:15,1.167,32.32
2025-02-06 16:52:17,1.1572,32.07
2025-02-06 16:52:19,1.1621,32.07
2025-02-06 16:52:21,1.1621,32.07
2025-02-06 16:52:23,1.167,32.07
2025-02-06 16:52:25,1.167,32.07
2025-02-06 16:52:27,1.167,32.57
2025-02-06 16:52:29,1.167,32.07
2025-02-06 16:52:31,1.1621,32.07
2025-02-06 16:52:33,1.1621,32.32
2025-02-06 16:52:35,1.1572,32.32
2025-02-06 16:52:37,1.1572,32.07
2025-02-06 16:52:39,1.1621,32.32
2025-02-06 16:52:41,1.167,31.82
2025-02-06 16:52:43,1.1572,32.07
2025-02-06 16:52:45,1.1572,31.82
2025-02-06 16:52:47,1.1621,32.57
2025-02-06 16:52:49,1.1572,32.32
2025-02-06 16:52:51,1.1572,32.57
2025-02-06 16:52:53,1.1572,32.07
2025-02-06 16:52:55,1.1621,32.07
2025-02-06 16:52:57,1.1621,32.07
2025-02-06 16:52:59,1.1621,32.32
2025-02-06 16:53:01,1.167,32.32
2025-02-06 16:53:03,1.167,32.32
2025-02-06 16:53:05,1.1621,32.07
2025-02-06 16:53:07,1.1621,31.82
2025-02-06 16:53:09,1.1719,32.32
2025-02-06 16:53:11,1.1621,32.57
2025-02-06 16:53:13,1.1621,31.82
2025-02-06 16:53:15,1.167,32.07
2025-02-06 16:53:17,1.1621,32.07
2025-02-06 16:53:19,1.1572,31.82
2025-02-06 16:53:21,1.1621,32.32
2025-02-06 16:53:23,1.1572,32.57
2025-02-06 16:53:25,1.1621,31.82
2025-02-06 16:53:27,1.1572,31.82
2025-02-06 16:53:29,1.1621,32.32
2025-02-06 16:53:31,1.1621,31.82
2025-02-06 16:53:33,1.167,32.07
2025-02-06 16:53:35,1.1621,32.57
2025-02-06 16:53:37,1.1621,32.32
2025-02-06 16:53:39,1.1621,32.32
2025-02-06 16:53:41,1.1621,32.57
2025-02-06 16:53:43,1.1621,32.57
2025-02-06 16:53:45,1.1621,32.32
2025-02-06 16:53:47,1.167,32.32
2025-02-06 16:53:49,1.1621,32.32
2025-02-06 16:53:51,1.167,31.82
2025-02-06 16:53:53,1.1572,32.57
2025-02-06 16:53:55,1.1572,32.32
2025-02-06 16:53:57,1.167,32.32
2025-02-06 16:53:59,1.1621,32.07
2025-02-06 16:54:01,1.1621,31.82
2025-02-06 16:54:03,1.1621,32.57
2025-02-06 16:54:05,1.1572,32.57
2025-02-06 16:54:07,1.1572,32.07
2025-02-06 16:54:09,1.1621,32.57
2025-02-06 16:54:10,1.1572,32.07
2025-02-06 16:54:13,1.167,32.32
2025-02-06 16:54:15,1.1621,32.57
2025-02-06 16:54:17,1.1621,32.57
2025-02-06 16:54:18,1.1621,32.32
2025-02-06 16:54:20,1.167,32.57
2025-02-06 16:54:23,1.167,32.32
2025-02-06 16:54:24,1.167,32.57
2025-02-06 16:54:26,1.1719,32.32
2025-02-06 16:54:28,1.1572,32.07
2025-02-06 16:54:30,1.167,32.82
2025-02-06 16:54:32,1.167,32.32
2025-02-06 16:54:34,1.167,32.32
2025-02-06 16:54:36,1.1621,32.32
2025-02-06 16:54:38,1.1621,32.07
2025-02-06 16:54:40,1.1621,32.32
2025-02-06 16:54:42,1.167,32.32
2025-02-06 16:54:44,1.167,32.32
2025-02-06 16:54:46,1.1621,32.07
2025-02-06 16:54:48,1.167,32.07
2025-02-06 16:54:50,1.1719,32.32
2025-02-06 16:54:52,1.167,32.32
2025-02-06 16:54:54,1.167,32.07
2025-02-06 16:54:56,1.1621,32.07
2025-02-06 16:54:58,1.167,32.32
2025-02-06 16:55:00,1.1719,32.32
2025-02-06 16:55:02,1.1572,32.07
2025-02-06 16:55:04,1.167,32.07
2025-02-06 16:55:06,1.167,32.32
2025-02-06 16:55:08,1.1719,32.32
2025-02-06 16:55:10,1.167,32.32
2025-02-06 16:55:12,1.167,32.32
2025-02-06 16:55:14,1.1621,32.07
2025-02-06 16:55:16,1.1621,32.32
2025-02-06 16:55:18,1.167,32.32
2025-02-06 16:55:20,1.1719,32.32
2025-02-06 16:55:22,1.167,32.32
2025-02-06 16:55:24,1.167,32.32
2025-02-06 16:55:26,1.1621,32.07
2025-02-06 16:55:28,1.167,32.32
2025-02-06 16:55:30,1.1572,32.32
2025-02-06 16:55:32,1.167,32.07
2025-02-06 16:55:34,1.1572,32.57
2025-02-06 16:55:36,1.1572,32.57
2025-02-06 16:55:38,1.167,32.57
2025-02-06 16:55:40,1.1572,32.32
2025-02-06 16:55:42,1.167,32.32
2025-02-06 16:55:44,1.1572,32.57
2025-02-06 16:55:46,1.167,32.32
2025-02-06 16:55:48,1.1621,32.32
2025-02-06 16:55:50,1.1621,32.32
2025-02-06 16:55:52,1.1572,31.82
2025-02-06 16:55:54,1.1572,32.07
2025-02-06 16:55:56,1.1523,32.57
2025-02-06 16:55:58,1.1621,32.32
2025-02-06 16:56:00,1.1621,32.57
2025-02-06 16:56:02,1.1621,32.57
2025-02-06 16:56:04,1.1572,32.32
2025-02-06 16:56:06,1.1621,32.57
2025-02-06 16:56:08,1.1621,31.82
2025-02-06 16:56:10,1.1621,32.32
2025-02-06 16:56:12,1.1621,32.57
2025-02-06 16:56:14,1.1572,32.57
2025-02-06 16:56:16,1.1572,32.07
2025-02-06 16:56:18,1.167,32.57
2025-02-06 16:56:20,1.1621,32.07
2025-02-06 16:56:22,1.1572,32.57
2025-02-06 16:56:24,1.1572,32.57
2025-02-06 16:56:26,1.1621,32.07
2025-02-06 16:56:28,1.1621,32.57
2025-02-06 16:56:30,1.167,31.82
2025-02-06 16:56:32,1.167,32.32
2025-02-06 16:56:34,1.1572,31.82
2025-02-06 16:56:36,1.1621,32.32
2025-02-06 16:56:38,1.1621,32.32
2025-02-06 16:56:40,1.1621,32.32
2025-02-06 16:56:42,1.1621,32.57
2025-02-06 16:56:44,1.1621,32.07
2025-02-06 16:56:46,1.1621,32.32
2025-02-06 16:56:48,1.1621,32.82
2025-02-06 16:56:50,1.1621,32.57
2025-02-06 16:56:52,1.167,32.57
2025-02-06 16:56:54,1.167,32.32
2025-02-06 16:56:56,1.1572,32.07
2025-02-06 16:56:58,1.167,32.57
2025-02-06 16:57:00,1.1572,32.32
2025-02-06 16:57:02,1.1621,32.57
2025-02-06 16:57:04,1.1572,32.57
2025-02-06 16:57:06,1.1621,32.32
2025-02-06 16:57:08,1.1621,32.32
2025-02-06 16:57:10,1.1621,32.32
2025-02-06 16:57:12,1.1621,32.57
2025-02-06 16:57:14,1.1621,32.57
2025-02-06 16:57:16,1.1621,32.32
2025-02-06 16:57:18,1.167,32.32
2025-02-06 16:57:20,1.1719,32.32
2025-02-06 16:57:22,1.167,32.32
2025-02-06 16:57:24,1.1572,32.57
2025-02-06 16:57:26,1.1572,32.32
2025-02-06 16:57:28,1.167,32.32
2025-02-06 16:57:30,1.1621,32.57
2025-02-06 16:57:32,1.1621,32.57
2025-02-06 16:57:34,1.1572,32.32
2025-02-06 16:57:36,1.1621,32.57
2025-02-06 16:57:38,1.167,32.32
2025-02-06 16:57:40,1.1572,32.57
2025-02-06 16:57:42,1.1621,32.32
2025-02-06 16:57:44,1.1719,32.57
2025-02-06 16:57:46,1.167,32.57
2025-02-06 16:57:48,1.1621,32.57
2025-02-06 16:57:50,1.1572,32.57
2025-02-06 16:57:52,1.1621,32.32
2025-02-06 16:57:54,1.1621,32.57
2025-02-06 16:57:56,1.1572,32.57
2025-02-06 16:57:58,1.1572,32.57
2025-02-06 16:58:00,1.1572,32.57
2025-02-06 16:58:02,1.1621,32.57
2025-02-06 16:58:04,1.1621,32.57
2025-02-06 16:58:06,1.1621,32.07
2025-02-06 16:58:08,1.1621,32.32
2025-02-06 16:58:10,1.1621,32.32
2025-02-06 16:58:12,1.1621,32.57
2025-02-06 16:58:14,1.1621,32.57
2025-02-06 16:58:16,1.1621,32.32
2025-02-06 16:58:18,1.167,32.32
2025-02-06 16:58:20,1.1621,32.32
2025-02-06 16:58:22,1.1572,32.57
2025-02-06 16:58:24,1.1572,32.32
2025-02-06 16:58:26,1.1572,32.07
2025-02-06 16:58:28,1.1621,32.32
2025-02-06 16:58:30,1.167,32.57
2025-02-06 16:58:32,1.1621,32.57
2025-02-06 16:58:34,1.167,32.32
2025-02-06 16:58:36,1.1621,32.57
2025-02-06 16:58:38,1.1621,32.32
2025-02-06 16:58:40,1.1621,32.07
2025-02-06 16:58:42,1.1572,32.32
2025-02-06 16:58:44,1.1621,32.32
2025-02-06 16:58:46,1.1621,32.32
2025-02-06 16:58:48,1.1572,32.32
2025-02-06 16:58:50,1.1572,32.07
2025-02-06 16:58:52,1.167,32.57
2025-02-06 16:58:54,1.1621,32.57
2025-02-06 16:58:56,1.1621,32.57
2025-02-06 16:58:58,1.1621,32.57
2025-02-06 16:59:00,1.167,32.32
2025-02-06 16:59:02,1.1621,32.57
2025-02-06 16:59:04,1.1621,32.32
2025-02-06 16:59:06,1.1621,32.57
2025-02-06 16:59:08,1.1572,32.32
2025-02-06 16:59:10,1.1621,32.57
2025-02-06 16:59:12,1.1572,32.07
2025-02-06 16:59:14,1.1621,32.57
2025-02-06 16:59:16,1.167,32.32
2025-02-06 16:59:18,1.1572,32.57
2025-02-06 16:59:20,1.1621,32.32
2025-02-06 16:59:22,1.167,32.32
2025-02-06 16:59:24,1.167,32.32
2025-02-06 16:59:26,1.167,32.57
2025-02-06 16:59:28,1.1621,32.32
2025-02-06 16:59:30,1.1621,32.57
2025-02-06 16:59:32,1.1621,32.32
2025-02-06 16:59:34,1.1621,32.32
2025-02-06 16:59:36,1.1572,32.32
2025-02-06 16:59:38,1.1621,32.32
2025-02-06 16:59:40,1.1572,32.57
2025-02-06 16:59:42,1.1621,32.32
2025-02-06 16:59:44,1.1621,32.32
2025-02-06 16:59:46,1.167,32.82
2025-02-06 16:59:48,1.167,32.32
2025-02-06 16:59:50,1.1621,32.32
2025-02-06 16:59:52,1.1621,32.32
2025-02-06 16:59:54,1.1719,32.57
2025-02-06 16:59:56,1.1621,32.07
2025-02-06 16:59:58,1.1621,32.57
2025-02-06 17:00:00,1.1621,32.57
2025-02-06 17:00:02,1.167,32.57
2025-02-06 17:00:04,1.1621,32.32
2025-02-06 17:00:06,1.167,32.57
2025-02-06 17:00:08,1.1621,32.32
2025-02-06 17:00:10,1.1621,32.32
2025-02-06 17:00:12,1.1621,32.57
2025-02-06 17:00:14,1.167,32.32
2025-02-06 17:00:16,1.167,32.82
2025-02-06 17:00:18,1.167,32.82
2025-02-06 17:00:20,1.1572,32.57
2025-02-06 17:00:22,1.1621,32.57
2025-02-06 17:00:24,1.167,32.57
2025-02-06 17:00:26,1.1621,32.32
2025-02-06 17:00:28,1.1621,32.32
2025-02-06 17:00:30,1.1621,32.57
2025-02-06 17:00:32,1.1719,32.82
2025-02-06 17:00:34,1.1621,32.57
2025-02-06 17:00:36,1.1621,32.57
2025-02-06 17:00:38,1.1719,32.57
2025-02-06 17:00:40,1.1719,32.82
2025-02-06 17:00:42,1.1621,32.57
2025-02-06 17:00:44,1.167,32.57
2025-02-06 17:00:46,1.1719,32.82
2025-02-06 17:00:48,1.167,32.57
2025-02-06 17:00:50,1.1572,32.32
2025-02-06 17:00:52,1.1572,32.07
2025-02-06 17:00:54,1.1621,32.32
2025-02-06 17:00:56,1.1621,32.57
2025-02-06 17:00:58,1.1621,32.32
2025-02-06 17:01:00,1.1621,32.07
2025-02-06 17:01:02,1.167,32.57
2025-02-06 17:01:04,1.1621,32.32
2025-02-06 17:01:06,1.1572,32.32
2025-02-06 17:01:08,1.1621,32.32
2025-02-06 17:01:10,1.167,32.32
2025-02-06 17:01:12,1.1621,32.57
2025-02-06 17:01:14,1.1621,32.32
2025-02-06 17:01:16,1.1572,32.32
2025-02-06 17:01:18,1.1621,32.57
2025-02-06 17:01:20,1.1621,32.32
2025-02-06 17:01:22,1.167,32.32
2025-02-06 17:01:24,1.1572,32.57
2025-02-06 17:01:26,1.167,32.82
2025-02-06 17:01:28,1.1621,32.57
2025-02-06 17:01:30,1.1621,32.32
2025-02-06 17:01:32,1.1572,32.57
2025-02-06 17:01:34,1.1572,32.57
2025-02-06 17:01:36,1.1621,32.32
2025-02-06 17:01:38,1.167,32.32
2025-02-06 17:01:40,1.1621,32.57
2025-02-06 17:01:42,1.1621,32.57
2025-02-06 17:01:44,1.167,32.32
2025-02-06 17:01:46,1.1621,32.57
2025-02-06 17:01:48,1.1621,32.32
2025-02-06 17:01:50,1.1572,32.57
2025-02-06 17:01:52,1.1572,32.57
2025-02-06 17:01:54,1.1621,32.32
2025-02-06 17:01:56,1.167,32.57
2025-02-06 17:01:58,1.1572,32.57
2025-02-06 17:02:00,1.1572,32.57
2025-02-06 17:02:02,1.167,32.82
2025-02-06 17:02:04,1.167,32.32
2025-02-06 17:02:06,1.1572,32.07
2025-02-06 17:02:08,1.167,32.32
2025-02-06 17:02:10,1.1572,32.07
2025-02-06 17:02:12,1.167,32.32
2025-02-06 17:02:14,1.1621,32.32
2025-02-06 17:02:16,1.167,32.32
2025-02-06 17:02:18,1.167,32.57
2025-02-06 17:02:20,1.1621,32.57
2025-02-06 17:02:22,1.1572,32.57
2025-02-06 17:02:24,1.1621,32.57
2025-02-06 17:02:26,1.167,32.57
2025-02-06 17:02:28,1.167,32.32
2025-02-06 17:02:30,1.1621,32.32
2025-02-06 17:02:32,1.1621,32.32
2025-02-06 17:02:34,1.167,32.32
2025-02-06 17:02:36,1.167,32.32
2025-02-06 17:02:38,1.1621,32.57
2025-02-06 17:02:40,1.1621,32.57
2025-02-06 17:02:42,1.167,32.32
2025-02-06 17:02:44,1.1621,32.57
2025-02-06 17:02:46,1.167,32.57
2025-02-06 17:02:48,1.1572,32.57
2025-02-06 17:02:50,1.1621,32.32
2025-02-06 17:02:52,1.1572,32.32
2025-02-06 17:02:54,1.1621,32.32
2025-02-06 17:02:56,1.1572,32.57
2025-02-06 17:02:58,1.1621,32.57
2025-02-06 17:03:00,1.167,32.32
2025-02-06 17:03:02,1.167,32.57
2025-02-06 17:03:04,1.1621,32.32
2025-02-06 17:03:06,1.167,32.32
2025-02-06 17:03:08,1.167,32.82
2025-02-06 17:03:10,1.167,32.32
2025-02-06 17:03:12,1.1621,32.32
2025-02-06 17:03:14,1.1572,32.32
2025-02-06 17:03:16,1.1572,32.57
2025-02-06 17:03:18,1.1621,32.57
2025-02-06 17:03:20,1.1572,32.57
2025-02-06 17:03:22,1.1572,32.57
2025-02-06 17:03:24,1.1572,32.57
2025-02-06 17:03:26,1.167,32.82
2025-02-06 17:03:28,1.167,32.82
2025-02-06 17:03:30,1.167,32.57
2025-02-06 17:03:32,1.1621,32.32
2025-02-06 17:03:34,1.1621,33.07
2025-02-06 17:03:36,1.167,32.82
2025-02-06 17:03:38,1.1621,32.32
2025-02-06 17:03:40,1.167,32.82
2025-02-06 17:03:42,1.1621,33.07
2025-02-06 17:03:44,1.167,32.82
2025-02-06 17:03:46,1.1621,32.57
2025-02-06 17:03:48,1.167,33.07
2025-02-06 17:03:50,1.1621,32.57
2025-02-06 17:03:52,1.167,32.57
2025-02-06 17:03:54,1.1621,32.57
2025-02-06 17:03:56,1.167,32.82
2025-02-06 17:03:58,1.1621,32.32
2025-02-06 17:04:00,1.167,32.82
2025-02-06 17:04:02,1.1572,32.57
2025-02-06 17:04:04,1.1719,32.82
2025-02-06 17:04:06,1.1719,33.07
2025-02-06 17:04:08,1.1621,32.57
2025-02-06 17:04:10,1.1621,32.57
2025-02-06 17:04:12,1.1621,32.07
2025-02-06 17:04:14,1.1719,32.82
2025-02-06 17:04:16,1.1621,32.57
2025-02-06 17:04:18,1.167,33.07
2025-02-06 17:04:20,1.1621,32.32
2025-02-06 17:04:22,1.167,32.57
2025-02-06 17:04:24,1.1719,32.82
2025-02-06 17:04:26,1.1719,32.82
2025-02-06 17:04:28,1.1621,32.32
2025-02-06 17:04:30,1.1621,32.07
2025-02-06 17:04:32,1.1572,32.07
2025-02-06 17:04:34,1.1719,32.57
2025-02-06 17:04:36,1.1621,32.57
2025-02-06 17:04:38,1.1621,32.57
2025-02-06 17:04:40,1.167,32.57
2025-02-06 17:04:42,1.1621,32.57
2025-02-06 17:04:44,1.1572,32.57
2025-02-06 17:04:46,1.1572,32.07
2025-02-06 17:04:48,1.1572,32.57
2025-02-06 17:04:50,1.167,32.32
2025-02-06 17:04:52,1.1621,32.32
2025-02-06 17:04:54,1.1572,32.57
2025-02-06 17:04:56,1.167,32.32
2025-02-06 17:04:58,1.167,32.32
2025-02-06 17:05:00,1.167,32.57
2025-02-06 17:05:02,1.1621,32.32
2025-02-06 17:05:04,1.1572,32.32
2025-02-06 17:05:06,1.1621,32.32
2025-02-06 17:05:08,1.1572,32.82
2025-02-06 17:05:10,1.1621,32.32
2025-02-06 17:05:12,1.1621,32.32
2025-02-06 17:05:14,1.167,32.32
2025-02-06 17:05:16,1.1572,32.57
2025-02-06 17:05:18,1.167,32.57
2025-02-06 17:05:20,1.1621,32.32
2025-02-06 17:05:22,1.167,32.32
2025-02-06 17:05:24,1.1572,32.32
2025-02-06 17:05:26,1.1572,32.32
2025-02-06 17:05:28,1.167,32.32
2025-02-06 17:05:30,1.167,32.32
2025-02-06 17:05:32,1.1621,32.32
2025-02-06 17:05:34,1.167,32.32
2025-02-06 17:05:36,1.1621,32.32
2025-02-06 17:05:38,1.1621,32.32
2025-02-06 17:05:40,1.167,32.32
2025-02-06 17:05:42,1.1621,32.32
2025-02-06 17:05:44,1.1621,32.32
2025-02-06 17:05:46,1.1621,32.82
2025-02-06 17:05:48,1.1621,32.32
2025-02-06 17:05:50,1.167,32.32
2025-02-06 17:05:52,1.1572,32.82
2025-02-06 17:05:54,1.167,32.32
2025-02-06 17:05:56,1.1621,32.07
2025-02-06 17:05:58,1.1621,32.57
2025-02-06 17:06:00,1.167,32.32
2025-02-06 17:06:02,1.1572,32.57
2025-02-06 17:06:04,1.1621,32.32
2025-02-06 17:06:06,1.1572,32.32
2025-02-06 17:06:08,1.1621,32.57
2025-02-06 17:06:10,1.167,32.32
2025-02-06 17:06:12,1.1621,32.57
2025-02-06 17:06:14,1.1572,32.57
2025-02-06 17:06:16,1.1572,32.57
2025-02-06 17:06:18,1.1621,32.32
2025-02-06 17:06:20,1.1572,32.07
2025-02-06 17:06:22,1.1621,32.57
2025-02-06 17:06:24,1.167,32.57
2025-02-06 17:06:26,1.1621,32.32
2025-02-06 17:06:28,1.167,32.32
2025-02-06 17:06:30,1.1621,32.32
2025-02-06 17:06:32,1.1572,32.32
2025-02-06 17:06:34,1.1572,32.82
2025-02-06 17:06:36,1.167,32.32
2025-02-06 17:06:38,1.1621,32.32
2025-02-06 17:06:40,1.1621,32.57
2025-02-06 17:06:42,1.1621,32.32
2025-02-06 17:06:44,1.1621,32.82
2025-02-06 17:06:46,1.1572,32.57
2025-02-06 17:06:48,1.167,32.57
2025-02-06 17:06:50,1.1621,32.32
2025-02-06 17:06:52,1.1572,32.82
2025-02-06 17:06:54,1.1572,32.82
2025-02-06 17:06:56,1.167,32.82
2025-02-06 17:06:58,1.1523,32.57
2025-02-06 17:07:00,1.167,32.57
2025-02-06 17:07:02,1.1621,32.32
2025-02-06 17:07:04,1.1621,32.82
2025-02-06 17:07:06,1.1621,32.32
2025-02-06 17:07:08,1.1621,32.57
2025-02-06 17:07:10,1.1572,32.32
2025-02-06 17:07:12,1.167,32.32
2025-02-06 17:07:14,1.167,32.57
2025-02-06 17:07:16,1.1572,32.57
2025-02-06 17:07:18,1.1621,33.07
2025-02-06 17:07:20,1.167,33.07
2025-02-06 17:07:22,1.167,32.82
2025-02-06 17:07:24,1.1572,32.57
2025-02-06 17:07:26,1.1621,32.57
2025-02-06 17:07:28,1.1621,32.57
2025-02-06 17:07:30,1.1621,32.32
2025-02-06 17:07:32,1.1719,32.82
2025-02-06 17:07:34,1.1621,32.57
2025-02-06 17:07:36,1.1621,32.57
2025-02-06 17:07:38,1.1572,32.57
2025-02-06 17:07:40,1.1621,32.57
2025-02-06 17:07:42,1.1719,32.82
2025-02-06 17:07:44,1.167,32.82
2025-02-06 17:07:46,1.167,33.07
2025-02-06 17:07:48,1.167,32.82
2025-02-06 17:07:50,1.1719,32.82
2025-02-06 17:07:52,1.1719,33.07
2025-02-06 17:07:54,1.1719,32.82
2025-02-06 17:07:56,1.167,32.82
2025-02-06 17:07:58,1.1621,32.57
2025-02-06 17:08:00,1.1621,32.57
2025-02-06 17:08:02,1.167,33.07
2025-02-06 17:08:04,1.167,32.57
2025-02-06 17:08:06,1.1719,32.82
2025-02-06 17:08:08,1.1719,33.07
2025-02-06 17:08:10,1.1621,32.57
2025-02-06 17:08:12,1.1621,32.32
2025-02-06 17:08:14,1.167,32.57
2025-02-06 17:08:16,1.1621,32.57
2025-02-06 17:08:18,1.1719,32.82
2025-02-06 17:08:20,1.1621,32.57
2025-02-06 17:08:22,1.1572,32.57
2025-02-06 17:08:24,1.1621,32.57
2025-02-06 17:08:26,1.1621,32.57
2025-02-06 17:08:28,1.1621,32.07
2025-02-06 17:08:30,1.1719,32.82
2025-02-06 17:08:32,1.1621,32.57
2025-02-06 17:08:34,1.1719,32.82
2025-02-06 17:08:36,1.1621,32.57
2025-02-06 17:08:38,1.167,32.82
2025-02-06 17:08:40,1.167,32.57
2025-02-06 17:08:42,1.167,32.82
2025-02-06 17:08:44,1.167,32.32
2025-02-06 17:08:46,1.1621,32.32
2025-02-06 17:08:48,1.1719,32.82
2025-02-06 17:08:50,1.167,32.57
2025-02-06 17:08:52,1.1621,32.32
2025-02-06 17:08:54,1.167,32.57
2025-02-06 17:08:56,1.1621,32.32
2025-02-06 17:08:58,1.1621,32.07
2025-02-06 17:09:00,1.167,32.57
2025-02-06 17:09:02,1.1621,32.32
2025-02-06 17:09:04,1.1621,32.32
2025-02-06 17:09:06,1.1572,32.57
2025-02-06 17:09:08,1.1621,32.32
2025-02-06 17:09:10,1.1621,32.32
2025-02-06 17:09:12,1.1621,32.32
2025-02-06 17:09:14,1.1621,32.57
2025-02-06 17:09:16,1.167,32.32
2025-02-06 17:09:18,1.1621,32.32
2025-02-06 17:09:20,1.1621,32.32
2025-02-06 17:09:22,1.1621,32.57
2025-02-06 17:09:24,1.1621,32.32
2025-02-06 17:09:26,1.1572,32.82
2025-02-06 17:09:28,1.1572,32.57
2025-02-06 17:09:30,1.167,32.57
2025-02-06 17:09:32,1.1621,32.32
2025-02-06 17:09:34,1.1621,32.32
2025-02-06 17:09:36,1.167,32.07
2025-02-06 17:09:38,1.1621,32.32
2025-02-06 17:09:40,1.167,32.57
2025-02-06 17:09:42,1.1621,32.32
2025-02-06 17:09:44,1.167,32.57
2025-02-06 17:09:46,1.1572,32.57
2025-02-06 17:09:48,1.1572,32.57
2025-02-06 17:09:50,1.1621,32.57
2025-02-06 17:09:52,1.1621,32.57
2025-02-06 17:09:54,1.167,32.32
2025-02-06 17:09:56,1.1572,32.32
2025-02-06 17:09:58,1.1621,32.32
2025-02-06 17:10:00,1.167,32.57
2025-02-06 17:10:02,1.167,32.32
2025-02-06 17:10:04,1.167,32.32
2025-02-06 17:10:06,1.1621,32.32
2025-02-06 17:10:08,1.1621,32.57
2025-02-06 17:10:10,1.1572,32.82
2025-02-06 17:10:12,1.1572,32.07
2025-02-06 17:10:14,1.1621,32.32
2025-02-06 17:10:16,1.1621,32.57
2025-02-06 17:10:18,1.1572,32.57
2025-02-06 17:10:20,1.167,32.57
2025-02-06 17:10:22,1.1621,32.07
2025-02-06 17:10:24,1.1621,32.32
2025-02-06 17:10:26,1.1621,32.57
2025-02-06 17:10:28,1.1621,32.32
2025-02-06 17:10:30,1.1523,32.57
2025-02-06 17:10:32,1.1572,32.57
2025-02-06 17:10:34,1.1572,32.57
2025-02-06 17:10:36,1.1621,32.57
2025-02-06 17:10:38,1.167,32.32
2025-02-06 17:10:40,1.167,32.32
2025-02-06 17:10:42,1.1621,32.32
2025-02-06 17:10:44,1.167,32.32
2025-02-06 17:10:46,1.1621,32.57
2025-02-06 17:10:48,1.1572,32.32
2025-02-06 17:10:50,1.167,32.32
2025-02-06 17:10:52,1.167,32.32
2025-02-06 17:10:54,1.1572,32.32
2025-02-06 17:10:56,1.1572,32.32
2025-02-06 17:10:58,1.167,32.32
2025-02-06 17:11:00,1.1621,32.32
2025-02-06 17:11:02,1.1621,32.57
2025-02-06 17:11:04,1.1621,32.32
2025-02-06 17:11:06,1.167,32.57
2025-02-06 17:11:08,1.1621,32.32
2025-02-06 17:11:10,1.1572,32.57
2025-02-06 17:11:12,1.1621,32.32
2025-02-06 17:11:14,1.167,32.32
2025-02-06 17:11:16,1.1621,32.57
2025-02-06 17:11:18,1.1621,32.32
2025-02-06 17:11:20,1.167,32.32
2025-02-06 17:11:22,1.1621,32.32
2025-02-06 17:11:24,1.1572,32.32
2025-02-06 17:11:26,1.1621,32.32
2025-02-06 17:11:28,1.1621,32.32
2025-02-06 17:11:30,1.1621,32.57
2025-02-06 17:11:32,1.1621,32.57
2025-02-06 17:11:34,1.167,32.57
2025-02-06 17:11:36,1.167,32.57
2025-02-06 17:11:38,1.1621,32.32
2025-02-06 17:11:40,1.1621,32.32
2025-02-06 17:11:42,1.1572,32.57
2025-02-06 17:11:44,1.167,32.32
2025-02-06 17:11:46,1.1621,32.32
2025-02-06 17:11:48,1.1621,32.32
2025-02-06 17:11:50,1.167,32.57
2025-02-06 17:11:52,1.1572,32.32
2025-02-06 17:11:54,1.1572,32.32
2025-02-06 17:11:56,1.1572,32.57
2025-02-06 17:11:58,1.1572,32.57
2025-02-06 17:12:00,1.1621,32.32
2025-02-06 17:12:02,1.1621,32.57
2025-02-06 17:12:04,1.1621,32.57
2025-02-06 17:12:06,1.1621,32.57
2025-02-06 17:12:08,1.1621,32.57
2025-02-06 17:12:10,1.167,32.82
2025-02-06 17:12:12,1.167,32.82
2025-02-06 17:12:14,1.1719,32.82
2025-02-06 17:12:16,1.167,32.57
2025-02-06 17:12:18,1.167,32.57
2025-02-06 17:12:20,1.167,33.07
2025-02-06 17:12:22,1.1621,32.57
2025-02-06 17:12:24,1.1621,32.32
2025-02-06 17:12:26,1.167,32.32
2025-02-06 17:12:28,1.1621,32.57
2025-02-06 17:12:30,1.1719,32.32
2025-02-06 17:12:32,1.1719,33.07
2025-02-06 17:12:34,1.167,32.82
2025-02-06 17:12:36,1.1621,32.57
2025-02-06 17:12:38,1.167,32.82
2025-02-06 17:12:40,1.1572,32.57
2025-02-06 17:12:42,1.1621,32.57
2025-02-06 17:12:44,1.1621,32.57
2025-02-06 17:12:46,1.167,32.82
2025-02-06 17:12:48,1.167,33.07
2025-02-06 17:12:50,1.1621,32.57
2025-02-06 17:12:52,1.1719,32.82
2025-02-06 17:12:54,1.1621,33.07
2025-02-06 17:12:56,1.167,32.82
2025-02-06 17:12:58,1.1719,32.82
2025-02-06 17:13:00,1.1621,32.57
2025-02-06 17:13:02,1.1572,32.32
2025-02-06 17:13:04,1.167,32.82
2025-02-06 17:13:06,1.1572,32.32
2025-02-06 17:13:08,1.1621,32.57
2025-02-06 17:13:10,1.1621,32.32
2025-02-06 17:13:12,1.1621,32.57
2025-02-06 17:13:14,1.1621,32.57
2025-02-06 17:13:16,1.1621,32.57
2025-02-06 17:13:18,1.1621,32.57
2025-02-06 17:13:20,1.1572,32.32
2025-02-06 17:13:22,1.1621,32.82
2025-02-06 17:13:24,1.1572,32.57
2025-02-06 17:13:26,1.1572,32.57
2025-02-06 17:13:28,1.1621,32.57
2025-02-06 17:13:30,1.167,32.82
2025-02-06 17:13:32,1.1572,32.57
2025-02-06 17:13:34,1.1621,32.57
2025-02-06 17:13:36,1.1621,32.32
2025-02-06 17:13:38,1.1572,32.32
2025-02-06 17:13:40,1.1621,32.57
2025-02-06 17:13:42,1.167,32.57
2025-02-06 17:13:44,1.167,32.57
2025-02-06 17:13:46,1.167,32.57
2025-02-06 17:13:48,1.1621,32.32
2025-02-06 17:13:50,1.1621,32.32
2025-02-06 17:13:52,1.167,32.32
2025-02-06 17:13:54,1.1572,32.57
2025-02-06 17:13:56,1.1621,32.57
2025-02-06 17:13:58,1.1621,32.57
2025-02-06 17:14:00,1.1621,32.57
2025-02-06 17:14:02,1.1523,32.57
2025-02-06 17:14:04,1.1621,32.32
2025-02-06 17:14:06,1.1621,32.07
2025-02-06 17:14:08,1.1621,32.57
2025-02-06 17:14:10,1.1572,32.32
2025-02-06 17:14:12,1.167,32.32
2025-02-06 17:14:14,1.1621,32.32
2025-02-06 17:14:16,1.1719,32.57
2025-02-06 17:14:18,1.1621,32.32
2025-02-06 17:14:20,1.1621,32.32
2025-02-06 17:14:22,1.167,32.32
2025-02-06 17:14:24,1.1572,32.57
2025-02-06 17:14:26,1.1621,32.32
2025-02-06 17:14:28,1.1621,32.32
2025-02-06 17:14:30,1.167,32.57
2025-02-06 17:14:32,1.1572,32.32
2025-02-06 17:14:34,1.1621,32.57
2025-02-06 17:14:36,1.1621,32.32
2025-02-06 17:14:38,1.1621,32.32
2025-02-06 17:14:40,1.167,32.32
2025-02-06 17:14:42,1.1572,32.57
2025-02-06 17:14:44,1.1621,32.32
2025-02-06 17:14:46,1.1572,32.32
2025-02-06 17:14:48,1.1572,32.32
2025-02-06 17:14:50,1.1621,32.32
2025-02-06 17:14:52,1.1572,32.32
2025-02-06 17:14:54,1.1621,32.32
2025-02-06 17:14:56,1.1621,32.57
2025-02-06 17:14:58,1.1572,32.82
2025-02-06 17:15:00,1.167,32.82
